Name: CCTV-1, URL: https://live.264788.xyz/channel/cctv1?streamid=7d30132546d771c3ffff77a937dee30d&livekey=01WgOR41rriMmMkzNsd0UoaxJRwetZdxIvtVk, From: subscribe, IPv_Type: ipv4, Location: 美国, ISP: CloudFlare节点, Date: None, Delay: 189 ms, Speed: 39.89 M/s, Resolution: 720x576
Name: CCTV-1, URL: https://live.264788.xyz/channel/cctv1?streamid=458e34213492c68772e565c06868d4af&livekey=01WgOR41rriMmMkzNsd0UoaxJRwetZdxIvtVk, From: subscribe, IPv_Type: ipv4, Location: 美国, ISP: CloudFlare节点, Date: None, Delay: 313 ms, Speed: 30.38 M/s, Resolution: None
Name: CCTV-1, URL: https://iptv.catvod.com/catvod?id=CCTV-1%E9%AB%98%E6%B8%85&line=1, From: subscribe, IPv_Type: ipv4, Location: 美国-加利福尼亚州-洛杉矶, ISP: IT7网络, Date: None, Delay: 39 ms, Speed: 16.41 M/s, Resolution: 1920x1080
Name: CCTV-1, URL: https://iptv.catvod.com/catvod?id=CCTV1&line=21, From: subscribe, IPv_Type: ipv4, Location: 美国-加利福尼亚州-洛杉矶, ISP: IT7网络, Date: None, Delay: 43 ms, Speed: 14.28 M/s, Resolution: 1920x1080
Name: CCTV-1, URL: https://iptv.catvod.com/catvod?id=CCTV1&line=19, From: subscribe, IPv_Type: ipv4, Location: 美国-加利福尼亚州-洛杉矶, ISP: IT7网络, Date: None, Delay: 132 ms, Speed: 5.28 M/s, Resolution: 1920x1080
Name: CCTV-1, URL: https://iptv.catvod.com/catvod?id=CCTV1&line=20, From: subscribe, IPv_Type: ipv4, Location: 美国-加利福尼亚州-洛杉矶, ISP: IT7网络, Date: None, Delay: 158 ms, Speed: 4.63 M/s, Resolution: 1920x1080
Name: CCTV-1, URL: https://iptv.catvod.com/catvod?id=CCTV1&line=13, From: subscribe, IPv_Type: ipv4, Location: 美国-加利福尼亚州-洛杉矶, ISP: IT7网络, Date: None, Delay: 174 ms, Speed: 4.16 M/s, Resolution: 1920x1080
Name: CCTV-1, URL: https://iptv.catvod.com/catvod?id=CCTV1&line=7, From: subscribe, IPv_Type: ipv4, Location: 美国-加利福尼亚州-洛杉矶, ISP: IT7网络, Date: None, Delay: 164 ms, Speed: 4.01 M/s, Resolution: 1920x1080
Name: CCTV-1, URL: https://iptv.catvod.com/catvod?id=CCTV1&line=15, From: subscribe, IPv_Type: ipv4, Location: 美国-加利福尼亚州-洛杉矶, ISP: IT7网络, Date: None, Delay: 143 ms, Speed: 3.98 M/s, Resolution: 1920x1080
Name: CCTV-1, URL: https://iptv.catvod.com/catvod?id=CCTV1&line=8, From: subscribe, IPv_Type: ipv4, Location: 美国-加利福尼亚州-洛杉矶, ISP: IT7网络, Date: None, Delay: 139 ms, Speed: 3.92 M/s, Resolution: 1920x1080
Name: CCTV-1, URL: https://iptv.catvod.com/catvod?id=CCTV1&line=9, From: subscribe, IPv_Type: ipv4, Location: 美国-加利福尼亚州-洛杉矶, ISP: IT7网络, Date: None, Delay: 166 ms, Speed: 3.49 M/s, Resolution: 1920x1080
Name: CCTV-1, URL: https://iptv.catvod.com/catvod?id=CCTV1&line=16, From: subscribe, IPv_Type: ipv4, Location: 美国-加利福尼亚州-洛杉矶, ISP: IT7网络, Date: None, Delay: 162 ms, Speed: 3.43 M/s, Resolution: 1920x1080
Name: CCTV-1, URL: https://iptv.catvod.com/catvod?id=CCTV1&line=11, From: subscribe, IPv_Type: ipv4, Location: 美国-加利福尼亚州-洛杉矶, ISP: IT7网络, Date: None, Delay: 179 ms, Speed: 3.39 M/s, Resolution: 1920x1080
Name: CCTV-1, URL: https://iptv.catvod.com/catvod?id=CCTV1&line=12, From: subscribe, IPv_Type: ipv4, Location: 美国-加利福尼亚州-洛杉矶, ISP: IT7网络, Date: None, Delay: 170 ms, Speed: 3.31 M/s, Resolution: 1920x1080
Name: CCTV-1, URL: http://198.204.228.26/live/cctv1hd.m3u8, From: subscribe, IPv_Type: ipv4, Location: 美国, ISP: , Date: None, Delay: 370 ms, Speed: 1.82 M/s, Resolution: 1920x1080
Name: CCTV-1, URL: https://live.264788.xyz/channel/cctv1?streamid=b3819637a4c479c8ccd4d25e42eb96ca&livekey=01WgOR41rriMmMkzNsd0UoaxJRwetZdxIvtVk, From: subscribe, IPv_Type: ipv4, Location: 美国, ISP: CloudFlare节点, Date: None, Delay: 309 ms, Speed: 0.00 M/s, Resolution: None
Name: CCTV-1, URL: https://live.264788.xyz/channel/cctv1?streamid=40cf2f40582b104fb087535f9601ea19&livekey=01WgOR41rriMmMkzNsd0UoaxJRwetZdxIvtVk, From: subscribe, IPv_Type: ipv4, Location: 美国, ISP: CloudFlare节点, Date: None, Delay: 568 ms, Speed: 0.00 M/s, Resolution: None
Name: CCTV-2, URL: https://live.264788.xyz/channel/cctv2?streamid=383d98765abf4549a5a799274f495f00&livekey=01WgOR41rriMmMkzNsd0UoaxJRwetZdxIvtVk, From: subscribe, IPv_Type: ipv4, Location: 美国, ISP: CloudFlare节点, Date: None, Delay: 58 ms, Speed: 63.01 M/s, Resolution: None
Name: CCTV-2, URL: https://live.264788.xyz/channel/cctv2?streamid=da40669354aad7a342bfad794406bd61&livekey=01WgOR41rriMmMkzNsd0UoaxJRwetZdxIvtVk, From: subscribe, IPv_Type: ipv4, Location: 美国, ISP: CloudFlare节点, Date: None, Delay: 68 ms, Speed: 58.96 M/s, Resolution: None
Name: CCTV-2, URL: https://iptv.catvod.com/catvod?id=CCTV2&line=4, From: subscribe, IPv_Type: ipv4, Location: 美国-加利福尼亚州-洛杉矶, ISP: IT7网络, Date: None, Delay: 37 ms, Speed: 16.51 M/s, Resolution: 1920x1080
Name: CCTV-2, URL: https://iptv.catvod.com/catvod?id=CCTV2&line=1, From: subscribe, IPv_Type: ipv4, Location: 美国-加利福尼亚州-洛杉矶, ISP: IT7网络, Date: None, Delay: 38 ms, Speed: 15.74 M/s, Resolution: 1920x1080
Name: CCTV-2, URL: https://iptv.catvod.com/catvod?id=CCTV2&line=2, From: subscribe, IPv_Type: ipv4, Location: 美国-加利福尼亚州-洛杉矶, ISP: IT7网络, Date: None, Delay: 41 ms, Speed: 14.09 M/s, Resolution: 1920x1080
Name: CCTV-2, URL: https://iptv.catvod.com/catvod?id=CCTV2&line=5, From: subscribe, IPv_Type: ipv4, Location: 美国-加利福尼亚州-洛杉矶, ISP: IT7网络, Date: None, Delay: 55 ms, Speed: 11.97 M/s, Resolution: 1920x1080
Name: CCTV-2, URL: https://iptv.catvod.com/catvod?id=CCTV2&line=6, From: subscribe, IPv_Type: ipv4, Location: 美国-加利福尼亚州-洛杉矶, ISP: IT7网络, Date: None, Delay: 50 ms, Speed: 11.56 M/s, Resolution: 1920x1080
Name: CCTV-2, URL: https://iptv.catvod.com/catvod?id=CCTV2&line=3, From: subscribe, IPv_Type: ipv4, Location: 美国-加利福尼亚州-洛杉矶, ISP: IT7网络, Date: None, Delay: 79 ms, Speed: 11.17 M/s, Resolution: 1920x1080
Name: CCTV-2, URL: https://iptv.catvod.com/catvod?id=CCTV-2%E9%AB%98%E6%B8%85&line=1, From: subscribe, IPv_Type: ipv4, Location: 美国-加利福尼亚州-洛杉矶, ISP: IT7网络, Date: None, Delay: 57 ms, Speed: 10.69 M/s, Resolution: 1920x1080
Name: CCTV-2, URL: https://live.264788.xyz/channel/cctv2?streamid=c3edafc99edcc1ce06b8b70805554284&livekey=01WgOR41rriMmMkzNsd0UoaxJRwetZdxIvtVk, From: subscribe, IPv_Type: ipv4, Location: 美国, ISP: CloudFlare节点, Date: None, Delay: 277 ms, Speed: 0.00 M/s, Resolution: None
Name: CCTV-2, URL: https://live.264788.xyz/channel/cctv2?streamid=9d3681a7c74fcc88af7a6e9c998f37a0&livekey=01WgOR41rriMmMkzNsd0UoaxJRwetZdxIvtVk, From: subscribe, IPv_Type: ipv4, Location: 美国, ISP: CloudFlare节点, Date: None, Delay: 557 ms, Speed: 0.00 M/s, Resolution: None
Name: CCTV-3, URL: https://shcm-stream-cf1.stream.264788.xyz/cms001/ch00000090990000001186/index.m3u8?streamid=bf8db09e1cc53a2b7ab59e4f4ed11a20&streamkey=06Au6xOXDlDEaaQWeYRemlansdBarTPFm8IxFwCXJdwI6lWmZxIaRqpzg2uUxbPvqfccdnVsBlbT9GvauX4LNyXBwcSKyryXh2jRfE6X0nxHozf2&token=1775845150-393eb1cab48579e2-0-8468bc202079d3e8e98db0ac5d526274, From: subscribe, IPv_Type: ipv4, Location: 美国, ISP: CloudFlare节点, Date: None, Delay: 144 ms, Speed: 97.57 M/s, Resolution: None
Name: CCTV-3, URL: https://live.264788.xyz/channel/cctv3?streamid=1d12fd159be0157ca05e86bee9ce74e2&livekey=01WgOR41rriMmMkzNsd0UoaxJRwetZdxIvtVk, From: subscribe, IPv_Type: ipv4, Location: 美国, ISP: CloudFlare节点, Date: None, Delay: 55 ms, Speed: 62.29 M/s, Resolution: 720x576
Name: CCTV-3, URL: https://live.264788.xyz/channel/cctv3?streamid=dae69a23c264c77eefa2354094bbf46b&livekey=01WgOR41rriMmMkzNsd0UoaxJRwetZdxIvtVk, From: subscribe, IPv_Type: ipv4, Location: 美国, ISP: CloudFlare节点, Date: None, Delay: 62 ms, Speed: 59.78 M/s, Resolution: None
Name: CCTV-3, URL: https://live.264788.xyz/channel/cctv3?streamid=b56bf50c19821aafefca9f20761908e2&livekey=01WgOR41rriMmMkzNsd0UoaxJRwetZdxIvtVk, From: subscribe, IPv_Type: ipv4, Location: 美国, ISP: CloudFlare节点, Date: None, Delay: 102 ms, Speed: 37.25 M/s, Resolution: None
Name: CCTV-3, URL: https://live.264788.xyz/channel/cctv3?streamid=2732ee7572f54fe1c1e6af80a49a6786&livekey=01WgOR41rriMmMkzNsd0UoaxJRwetZdxIvtVk, From: subscribe, IPv_Type: ipv4, Location: 美国, ISP: CloudFlare节点, Date: None, Delay: 104 ms, Speed: 35.55 M/s, Resolution: None
Name: CCTV-3, URL: https://iptv.catvod.com/catvod?id=CCTV3&line=8, From: subscribe, IPv_Type: ipv4, Location: 美国-加利福尼亚州-洛杉矶, ISP: IT7网络, Date: None, Delay: 32 ms, Speed: 16.58 M/s, Resolution: 1920x1080
Name: CCTV-3, URL: https://iptv.catvod.com/live.php?id=CCTV3&line=8, From: subscribe, IPv_Type: ipv4, Location: 美国-加利福尼亚州-洛杉矶, ISP: IT7网络, Date: None, Delay: 38 ms, Speed: 16.53 M/s, Resolution: 1920x1080
Name: CCTV-3, URL: https://iptv.catvod.com/catvod?id=CCTV3&line=9, From: subscribe, IPv_Type: ipv4, Location: 美国-加利福尼亚州-洛杉矶, ISP: IT7网络, Date: None, Delay: 37 ms, Speed: 15.16 M/s, Resolution: 1920x1080
Name: CCTV-3, URL: https://iptv.catvod.com/catvod?id=CCTV3&line=10, From: subscribe, IPv_Type: ipv4, Location: 美国-加利福尼亚州-洛杉矶, ISP: IT7网络, Date: None, Delay: 43 ms, Speed: 14.90 M/s, Resolution: 1920x1080
Name: CCTV-3, URL: https://iptv.catvod.com/catvod?id=CCTV3%E7%BB%BC%E8%89%BA&line=1, From: subscribe, IPv_Type: ipv4, Location: 美国-加利福尼亚州-洛杉矶, ISP: IT7网络, Date: None, Delay: 43 ms, Speed: 14.29 M/s, Resolution: 1920x1080
Name: CCTV-3, URL: https://live.264788.xyz/channel/cctv3?streamid=d0473114041b533ea069452f29f33588&livekey=01WgOR41rriMmMkzNsd0UoaxJRwetZdxIvtVk, From: subscribe, IPv_Type: ipv4, Location: 美国, ISP: CloudFlare节点, Date: None, Delay: 296 ms, Speed: 0.00 M/s, Resolution: 720x576
Name: CCTV-4, URL: https://live.264788.xyz/channel/cctv4?streamid=1efbca0be5bd36b4a23a71db15a0ce8a&livekey=01WgOR41rriMmMkzNsd0UoaxJRwetZdxIvtVk, From: subscribe, IPv_Type: ipv4, Location: 美国, ISP: CloudFlare节点, Date: None, Delay: 65 ms, Speed: 55.84 M/s, Resolution: 720x576
Name: CCTV-4, URL: https://live.264788.xyz/channel/cctv4?streamid=58e05ee3e15a2d1956b7443ae4067dfa&livekey=01WgOR41rriMmMkzNsd0UoaxJRwetZdxIvtVk, From: subscribe, IPv_Type: ipv4, Location: 美国, ISP: CloudFlare节点, Date: None, Delay: 78 ms, Speed: 53.75 M/s, Resolution: 720x576
Name: CCTV-4, URL: https://live.264788.xyz/channel/cctv4?streamid=6bb35f2f3c97693a24eea0b7469980a4&livekey=01WgOR41rriMmMkzNsd0UoaxJRwetZdxIvtVk, From: subscribe, IPv_Type: ipv4, Location: 美国, ISP: CloudFlare节点, Date: None, Delay: 117 ms, Speed: 35.04 M/s, Resolution: 720x576
Name: CCTV-4, URL: https://iptv.catvod.com/catvod?id=CCTV4&line=1, From: subscribe, IPv_Type: ipv4, Location: 美国-加利福尼亚州-洛杉矶, ISP: IT7网络, Date: None, Delay: 35 ms, Speed: 15.96 M/s, Resolution: 1920x1080
Name: CCTV-4, URL: https://iptv.catvod.com/catvod?id=CCTV-4K&line=1, From: subscribe, IPv_Type: ipv4, Location: 美国-加利福尼亚州-洛杉矶, ISP: IT7网络, Date: None, Delay: 37 ms, Speed: 15.73 M/s, Resolution: 1920x1080
Name: CCTV-4, URL: https://iptv.catvod.com/catvod?id=CCTV4&line=10, From: subscribe, IPv_Type: ipv4, Location: 美国-加利福尼亚州-洛杉矶, ISP: IT7网络, Date: None, Delay: 39 ms, Speed: 14.81 M/s, Resolution: 1920x1080
Name: CCTV-4, URL: https://iptv.catvod.com/catvod?id=CCTV4&line=2, From: subscribe, IPv_Type: ipv4, Location: 美国-加利福尼亚州-洛杉矶, ISP: IT7网络, Date: None, Delay: 50 ms, Speed: 14.20 M/s, Resolution: 1920x1080
Name: CCTV-4, URL: https://iptv.catvod.com/catvod?id=CCTV4K%E8%B6%85%E9%AB%98%E6%B8%85&line=2, From: subscribe, IPv_Type: ipv4, Location: 美国-加利福尼亚州-洛杉矶, ISP: IT7网络, Date: None, Delay: 45 ms, Speed: 13.67 M/s, Resolution: 1920x1080
Name: CCTV-4, URL: https://iptv.catvod.com/catvod?id=CCTV4&line=3, From: subscribe, IPv_Type: ipv4, Location: 美国-加利福尼亚州-洛杉矶, ISP: IT7网络, Date: None, Delay: 43 ms, Speed: 12.11 M/s, Resolution: 1920x1080
Name: CCTV-4, URL: https://iptv.catvod.com/catvod?id=CCTV4&line=4, From: subscribe, IPv_Type: ipv4, Location: 美国-加利福尼亚州-洛杉矶, ISP: IT7网络, Date: None, Delay: 47 ms, Speed: 11.70 M/s, Resolution: 1920x1080
Name: CCTV-4, URL: https://iptv.catvod.com/catvod?id=CCTV4&line=11, From: subscribe, IPv_Type: ipv4, Location: 美国-加利福尼亚州-洛杉矶, ISP: IT7网络, Date: None, Delay: 57 ms, Speed: 11.51 M/s, Resolution: 1920x1080
Name: CCTV-4, URL: https://iptv.catvod.com/catvod?id=CCTV4&line=13, From: subscribe, IPv_Type: ipv4, Location: 美国-加利福尼亚州-洛杉矶, ISP: IT7网络, Date: None, Delay: 58 ms, Speed: 10.55 M/s, Resolution: 1920x1080
Name: CCTV-4, URL: https://iptv.catvod.com/catvod?id=CCTV4K%E8%B6%85%E9%AB%98%E6%B8%85&line=6, From: subscribe, IPv_Type: ipv4, Location: 美国-加利福尼亚州-洛杉矶, ISP: IT7网络, Date: None, Delay: 65 ms, Speed: 10.50 M/s, Resolution: 1920x1080
Name: CCTV-4, URL: https://iptv.catvod.com/catvod?id=CCTV4K%E8%B6%85%E9%AB%98%E6%B8%85&line=4, From: subscribe, IPv_Type: ipv4, Location: 美国-加利福尼亚州-洛杉矶, ISP: IT7网络, Date: None, Delay: 59 ms, Speed: 10.49 M/s, Resolution: 1920x1080
Name: CCTV-4, URL: https://iptv.catvod.com/catvod?id=CCTV4&line=12, From: subscribe, IPv_Type: ipv4, Location: 美国-加利福尼亚州-洛杉矶, ISP: IT7网络, Date: None, Delay: 56 ms, Speed: 9.50 M/s, Resolution: 1920x1080
Name: CCTV-4, URL: https://iptv.catvod.com/catvod?id=CCTV4&line=14, From: subscribe, IPv_Type: ipv4, Location: 美国-加利福尼亚州-洛杉矶, ISP: IT7网络, Date: None, Delay: 77 ms, Speed: 9.32 M/s, Resolution: 1920x1080
Name: CCTV-4, URL: https://iptv.catvod.com/catvod?id=CCTV4&line=15, From: subscribe, IPv_Type: ipv4, Location: 美国-加利福尼亚州-洛杉矶, ISP: IT7网络, Date: None, Delay: 66 ms, Speed: 8.50 M/s, Resolution: 1920x1080
Name: CCTV-4, URL: https://iptv.catvod.com/catvod?id=CCTV4%E7%BE%8E%E6%B4%B2&line=1, From: subscribe, IPv_Type: ipv4, Location: 美国-加利福尼亚州-洛杉矶, ISP: IT7网络, Date: None, Delay: 77 ms, Speed: 7.43 M/s, Resolution: 1920x1080
Name: CCTV-4, URL: https://iptv.catvod.com/catvod?id=CCTV4&line=9, From: subscribe, IPv_Type: ipv4, Location: 美国-加利福尼亚州-洛杉矶, ISP: IT7网络, Date: None, Delay: 81 ms, Speed: 7.16 M/s, Resolution: 1920x1080
Name: CCTV-4, URL: https://iptv.catvod.com/catvod?id=CCTV4%E7%BE%8E%E6%B4%B2&line=2, From: subscribe, IPv_Type: ipv4, Location: 美国-加利福尼亚州-洛杉矶, ISP: IT7网络, Date: None, Delay: 81 ms, Speed: 7.05 M/s, Resolution: 1920x1080
Name: CCTV-4, URL: https://iptv.catvod.com/catvod?id=CCTV4&line=5, From: subscribe, IPv_Type: ipv4, Location: 美国-加利福尼亚州-洛杉矶, ISP: IT7网络, Date: None, Delay: 91 ms, Speed: 6.66 M/s, Resolution: 1920x1080
Name: CCTV-4, URL: http://198.204.240.250:82/live/cctv4k.m3u8, From: subscribe, IPv_Type: ipv4, Location: 美国, ISP: , Date: None, Delay: 653 ms, Speed: 6.58 M/s, Resolution: 1920x1080
Name: CCTV-4, URL: https://iptv.catvod.com/catvod?id=CCTV4&line=8, From: subscribe, IPv_Type: ipv4, Location: 美国-加利福尼亚州-洛杉矶, ISP: IT7网络, Date: None, Delay: 89 ms, Speed: 6.35 M/s, Resolution: 1920x1080
Name: CCTV-4, URL: https://iptv.catvod.com/catvod?id=CCTV4&line=7, From: subscribe, IPv_Type: ipv4, Location: 美国-加利福尼亚州-洛杉矶, ISP: IT7网络, Date: None, Delay: 103 ms, Speed: 5.97 M/s, Resolution: 1920x1080
Name: CCTV-4, URL: https://iptv.catvod.com/catvod?id=CCTV4&line=6, From: subscribe, IPv_Type: ipv4, Location: 美国-加利福尼亚州-洛杉矶, ISP: IT7网络, Date: None, Delay: 99 ms, Speed: 5.91 M/s, Resolution: 1920x1080
Name: CCTV-4, URL: https://live.264788.xyz/channel/cctv4?streamid=fd1184358330cda8bca2c2b1e36355f0&livekey=01WgOR41rriMmMkzNsd0UoaxJRwetZdxIvtVk, From: subscribe, IPv_Type: ipv4, Location: 美国, ISP: CloudFlare节点, Date: None, Delay: 292 ms, Speed: 0.00 M/s, Resolution: None
Name: CCTV-4, URL: https://live.264788.xyz/channel/cctv4?streamid=322dde75a155820f409e33444cb6cd15&livekey=01WgOR41rriMmMkzNsd0UoaxJRwetZdxIvtVk, From: subscribe, IPv_Type: ipv4, Location: 美国, ISP: CloudFlare节点, Date: None, Delay: 296 ms, Speed: 0.00 M/s, Resolution: None
Name: CCTV-4, URL: https://live.264788.xyz/channel/cctv4?streamid=cc1a7c2d76ea7e0ab85515d9318d6a67&livekey=01WgOR41rriMmMkzNsd0UoaxJRwetZdxIvtVk, From: subscribe, IPv_Type: ipv4, Location: 美国, ISP: CloudFlare节点, Date: None, Delay: 304 ms, Speed: 0.00 M/s, Resolution: None
Name: CCTV-5, URL: https://iptv.catvod.com/catvod?id=CCTV5&line=5, From: subscribe, IPv_Type: ipv4, Location: 美国-加利福尼亚州-洛杉矶, ISP: IT7网络, Date: None, Delay: 32 ms, Speed: 17.90 M/s, Resolution: 1920x1080
Name: CCTV-5, URL: https://iptv.catvod.com/live.php?id=CCTV5&line=15, From: subscribe, IPv_Type: ipv4, Location: 美国-加利福尼亚州-洛杉矶, ISP: IT7网络, Date: None, Delay: 34 ms, Speed: 16.70 M/s, Resolution: 1920x1080
Name: CCTV-5, URL: https://iptv.catvod.com/live.php?id=CCTV5&line=13, From: subscribe, IPv_Type: ipv4, Location: 美国-加利福尼亚州-洛杉矶, ISP: IT7网络, Date: None, Delay: 38 ms, Speed: 16.53 M/s, Resolution: 1920x1080
Name: CCTV-5, URL: https://iptv.catvod.com/catvod?id=CCTV5&line=12, From: subscribe, IPv_Type: ipv4, Location: 美国-加利福尼亚州-洛杉矶, ISP: IT7网络, Date: None, Delay: 34 ms, Speed: 16.45 M/s, Resolution: 1920x1080
Name: CCTV-5, URL: https://iptv.catvod.com/catvod?id=CCTV5&line=4, From: subscribe, IPv_Type: ipv4, Location: 美国-加利福尼亚州-洛杉矶, ISP: IT7网络, Date: None, Delay: 35 ms, Speed: 16.07 M/s, Resolution: 1920x1080
Name: CCTV-5, URL: https://iptv.catvod.com/live.php?id=CCTV5&line=14, From: subscribe, IPv_Type: ipv4, Location: 美国-加利福尼亚州-洛杉矶, ISP: IT7网络, Date: None, Delay: 36 ms, Speed: 15.55 M/s, Resolution: 1920x1080
Name: CCTV-5, URL: https://iptv.catvod.com/catvod?id=CCTV5&line=14, From: subscribe, IPv_Type: ipv4, Location: 美国-加利福尼亚州-洛杉矶, ISP: IT7网络, Date: None, Delay: 35 ms, Speed: 14.77 M/s, Resolution: 1920x1080
Name: CCTV-5, URL: https://iptv.catvod.com/catvod?id=CCTV5&line=3, From: subscribe, IPv_Type: ipv4, Location: 美国-加利福尼亚州-洛杉矶, ISP: IT7网络, Date: None, Delay: 39 ms, Speed: 14.56 M/s, Resolution: 1920x1080
Name: CCTV-5, URL: https://iptv.catvod.com/catvod?id=CCTV5&line=7, From: subscribe, IPv_Type: ipv4, Location: 美国-加利福尼亚州-洛杉矶, ISP: IT7网络, Date: None, Delay: 58 ms, Speed: 13.87 M/s, Resolution: 1920x1080
Name: CCTV-5, URL: https://iptv.catvod.com/catvod?id=CCTV5&line=11, From: subscribe, IPv_Type: ipv4, Location: 美国-加利福尼亚州-洛杉矶, ISP: IT7网络, Date: None, Delay: 42 ms, Speed: 13.49 M/s, Resolution: 1920x1080
Name: CCTV-5, URL: https://iptv.catvod.com/catvod?id=CCTV5&line=13, From: subscribe, IPv_Type: ipv4, Location: 美国-加利福尼亚州-洛杉矶, ISP: IT7网络, Date: None, Delay: 41 ms, Speed: 13.44 M/s, Resolution: 1920x1080
Name: CCTV-5, URL: https://iptv.catvod.com/catvod?id=CCTV5&line=6, From: subscribe, IPv_Type: ipv4, Location: 美国-加利福尼亚州-洛杉矶, ISP: IT7网络, Date: None, Delay: 49 ms, Speed: 13.34 M/s, Resolution: 1920x1080
Name: CCTV-5, URL: https://iptv.catvod.com/catvod?id=CCTV5&line=2, From: subscribe, IPv_Type: ipv4, Location: 美国-加利福尼亚州-洛杉矶, ISP: IT7网络, Date: None, Delay: 51 ms, Speed: 12.26 M/s, Resolution: 1920x1080
Name: CCTV-5, URL: https://iptv.catvod.com/catvod?id=CCTV5&line=1, From: subscribe, IPv_Type: ipv4, Location: 美国-加利福尼亚州-洛杉矶, ISP: IT7网络, Date: None, Delay: 51 ms, Speed: 10.97 M/s, Resolution: 1920x1080
Name: CCTV-5, URL: https://iptv.catvod.com/catvod?id=CCTV5&line=8, From: subscribe, IPv_Type: ipv4, Location: 美国-加利福尼亚州-洛杉矶, ISP: IT7网络, Date: None, Delay: 57 ms, Speed: 10.75 M/s, Resolution: 1920x1080
Name: CCTV-5, URL: https://iptv.catvod.com/catvod?id=CCTV5&line=10, From: subscribe, IPv_Type: ipv4, Location: 美国-加利福尼亚州-洛杉矶, ISP: IT7网络, Date: None, Delay: 65 ms, Speed: 10.66 M/s, Resolution: 1920x1080
Name: CCTV-5, URL: https://iptv.catvod.com/catvod?id=CCTV5&line=9, From: subscribe, IPv_Type: ipv4, Location: 美国-加利福尼亚州-洛杉矶, ISP: IT7网络, Date: None, Delay: 52 ms, Speed: 10.42 M/s, Resolution: 1920x1080
Name: CCTV-5, URL: http://198.204.228.26/live/cctv5hd.m3u8, From: subscribe, IPv_Type: ipv4, Location: 美国, ISP: , Date: None, Delay: 515 ms, Speed: 4.93 M/s, Resolution: 1920x1080
Name: CCTV-6, URL: https://iptv.catvod.com/catvod?id=CCTV6&line=8, From: subscribe, IPv_Type: ipv4, Location: 美国-加利福尼亚州-洛杉矶, ISP: IT7网络, Date: None, Delay: 33 ms, Speed: 17.38 M/s, Resolution: 1920x1080
Name: CCTV-6, URL: https://iptv.catvod.com/catvod?id=CCTV6&line=7, From: subscribe, IPv_Type: ipv4, Location: 美国-加利福尼亚州-洛杉矶, ISP: IT7网络, Date: None, Delay: 32 ms, Speed: 17.38 M/s, Resolution: 1920x1080
Name: CCTV-6, URL: https://iptv.catvod.com/catvod?id=CCTV6&line=14, From: subscribe, IPv_Type: ipv4, Location: 美国-加利福尼亚州-洛杉矶, ISP: IT7网络, Date: None, Delay: 41 ms, Speed: 17.06 M/s, Resolution: 1920x1080
Name: CCTV-6, URL: https://iptv.catvod.com/catvod?id=CCTV6&line=9, From: subscribe, IPv_Type: ipv4, Location: 美国-加利福尼亚州-洛杉矶, ISP: IT7网络, Date: None, Delay: 34 ms, Speed: 16.58 M/s, Resolution: 1920x1080
Name: CCTV-6, URL: https://iptv.catvod.com/catvod?id=CCTV6&line=10, From: subscribe, IPv_Type: ipv4, Location: 美国-加利福尼亚州-洛杉矶, ISP: IT7网络, Date: None, Delay: 36 ms, Speed: 16.38 M/s, Resolution: 1920x1080
Name: CCTV-6, URL: https://iptv.catvod.com/catvod?id=CCTV6&line=12, From: subscribe, IPv_Type: ipv4, Location: 美国-加利福尼亚州-洛杉矶, ISP: IT7网络, Date: None, Delay: 40 ms, Speed: 15.08 M/s, Resolution: 1920x1080
Name: CCTV-6, URL: https://iptv.catvod.com/catvod?id=CCTV6&line=13, From: subscribe, IPv_Type: ipv4, Location: 美国-加利福尼亚州-洛杉矶, ISP: IT7网络, Date: None, Delay: 43 ms, Speed: 13.83 M/s, Resolution: 1920x1080
Name: CCTV-6, URL: https://iptv.catvod.com/catvod?id=CCTV6&line=11, From: subscribe, IPv_Type: ipv4, Location: 美国-加利福尼亚州-洛杉矶, ISP: IT7网络, Date: None, Delay: 77 ms, Speed: 12.58 M/s, Resolution: 1920x1080
Name: CCTV-7, URL: https://live.264788.xyz/channel/cctv7?streamid=bfc46d4a96d2d9c0ab5d7e66527fbd0a&livekey=01WgOR41rriMmMkzNsd0UoaxJRwetZdxIvtVk, From: subscribe, IPv_Type: ipv4, Location: 美国, ISP: CloudFlare节点, Date: None, Delay: 68 ms, Speed: 57.83 M/s, Resolution: 720x576
Name: CCTV-7, URL: https://live.264788.xyz/channel/cctv7?streamid=0153a69238ce5820014fb09aec713799&livekey=01WgOR41rriMmMkzNsd0UoaxJRwetZdxIvtVk, From: subscribe, IPv_Type: ipv4, Location: 美国, ISP: CloudFlare节点, Date: None, Delay: 78 ms, Speed: 45.80 M/s, Resolution: None
Name: CCTV-7, URL: https://iptv.catvod.com/catvod?id=CCTV7&line=2, From: subscribe, IPv_Type: ipv4, Location: 美国-加利福尼亚州-洛杉矶, ISP: IT7网络, Date: None, Delay: 35 ms, Speed: 18.61 M/s, Resolution: 1920x1080
Name: CCTV-7, URL: https://iptv.catvod.com/catvod?id=CCTV7&line=1, From: subscribe, IPv_Type: ipv4, Location: 美国-加利福尼亚州-洛杉矶, ISP: IT7网络, Date: None, Delay: 31 ms, Speed: 18.30 M/s, Resolution: 1920x1080
Name: CCTV-7, URL: https://iptv.catvod.com/catvod?id=CCTV7&line=9, From: subscribe, IPv_Type: ipv4, Location: 美国-加利福尼亚州-洛杉矶, ISP: IT7网络, Date: None, Delay: 32 ms, Speed: 17.89 M/s, Resolution: 1920x1080
Name: CCTV-7, URL: https://iptv.catvod.com/catvod?id=CCTV7&line=4, From: subscribe, IPv_Type: ipv4, Location: 美国-加利福尼亚州-洛杉矶, ISP: IT7网络, Date: None, Delay: 33 ms, Speed: 17.12 M/s, Resolution: 1920x1080
Name: CCTV-7, URL: https://iptv.catvod.com/catvod?id=CCTV7&line=3, From: subscribe, IPv_Type: ipv4, Location: 美国-加利福尼亚州-洛杉矶, ISP: IT7网络, Date: None, Delay: 38 ms, Speed: 14.32 M/s, Resolution: 1920x1080
Name: CCTV-7, URL: https://iptv.catvod.com/catvod?id=CCTV7&line=6, From: subscribe, IPv_Type: ipv4, Location: 美国-加利福尼亚州-洛杉矶, ISP: IT7网络, Date: None, Delay: 48 ms, Speed: 13.61 M/s, Resolution: 1920x1080
Name: CCTV-7, URL: https://iptv.catvod.com/catvod?id=CCTV7&line=5, From: subscribe, IPv_Type: ipv4, Location: 美国-加利福尼亚州-洛杉矶, ISP: IT7网络, Date: None, Delay: 42 ms, Speed: 13.34 M/s, Resolution: 1920x1080
Name: CCTV-7, URL: https://iptv.catvod.com/catvod?id=CCTV7&line=8, From: subscribe, IPv_Type: ipv4, Location: 美国-加利福尼亚州-洛杉矶, ISP: IT7网络, Date: None, Delay: 41 ms, Speed: 12.68 M/s, Resolution: 1920x1080
Name: CCTV-7, URL: https://iptv.catvod.com/catvod?id=CCTV7&line=7, From: subscribe, IPv_Type: ipv4, Location: 美国-加利福尼亚州-洛杉矶, ISP: IT7网络, Date: None, Delay: 44 ms, Speed: 11.91 M/s, Resolution: 1920x1080
Name: CCTV-7, URL: https://live.264788.xyz/channel/cctv7?streamid=98cd6dfda16281b12dd69dd808e10cf8&livekey=01WgOR41rriMmMkzNsd0UoaxJRwetZdxIvtVk, From: subscribe, IPv_Type: ipv4, Location: 美国, ISP: CloudFlare节点, Date: None, Delay: 275 ms, Speed: 0.00 M/s, Resolution: None
Name: CCTV-7, URL: https://live.264788.xyz/channel/cctv7?streamid=3486ebf3d4e652ede40ade48d653f610&livekey=01WgOR41rriMmMkzNsd0UoaxJRwetZdxIvtVk, From: subscribe, IPv_Type: ipv4, Location: 美国, ISP: CloudFlare节点, Date: None, Delay: 293 ms, Speed: 0.00 M/s, Resolution: None
Name: CCTV-8, URL: https://iptv.catvod.com/catvod?id=CCTV8&line=12, From: subscribe, IPv_Type: ipv4, Location: 美国-加利福尼亚州-洛杉矶, ISP: IT7网络, Date: None, Delay: 30 ms, Speed: 18.53 M/s, Resolution: 1920x1080
Name: CCTV-8, URL: https://iptv.catvod.com/catvod?id=CCTV8&line=11, From: subscribe, IPv_Type: ipv4, Location: 美国-加利福尼亚州-洛杉矶, ISP: IT7网络, Date: None, Delay: 40 ms, Speed: 15.86 M/s, Resolution: 1920x1080
Name: CCTV-8, URL: https://iptv.catvod.com/catvod?id=CCTV8&line=8, From: subscribe, IPv_Type: ipv4, Location: 美国-加利福尼亚州-洛杉矶, ISP: IT7网络, Date: None, Delay: 38 ms, Speed: 14.68 M/s, Resolution: 1920x1080
Name: CCTV-8, URL: https://iptv.catvod.com/catvod?id=CCTV8K%E8%B6%85%E9%AB%98%E6%B8%85&line=2, From: subscribe, IPv_Type: ipv4, Location: 美国-加利福尼亚州-洛杉矶, ISP: IT7网络, Date: None, Delay: 43 ms, Speed: 14.60 M/s, Resolution: 1920x1080
Name: CCTV-8, URL: https://iptv.catvod.com/catvod?id=CCTV8K%E8%B6%85%E9%AB%98%E6%B8%85&line=1, From: subscribe, IPv_Type: ipv4, Location: 美国-加利福尼亚州-洛杉矶, ISP: IT7网络, Date: None, Delay: 42 ms, Speed: 14.41 M/s, Resolution: 1920x1080
Name: CCTV-8, URL: https://iptv.catvod.com/catvod?id=CCTV8&line=7, From: subscribe, IPv_Type: ipv4, Location: 美国-加利福尼亚州-洛杉矶, ISP: IT7网络, Date: None, Delay: 41 ms, Speed: 14.15 M/s, Resolution: 1920x1080
Name: CCTV-8, URL: https://iptv.catvod.com/live.php?id=CCTV8K%E8%B6%85%E9%AB%98%E6%B8%85&line=1, From: subscribe, IPv_Type: ipv4, Location: 美国-加利福尼亚州-洛杉矶, ISP: IT7网络, Date: None, Delay: 40 ms, Speed: 14.14 M/s, Resolution: 1920x1080
Name: CCTV-8, URL: https://iptv.catvod.com/catvod?id=CCTV8&line=10, From: subscribe, IPv_Type: ipv4, Location: 美国-加利福尼亚州-洛杉矶, ISP: IT7网络, Date: None, Delay: 49 ms, Speed: 14.11 M/s, Resolution: 1920x1080
Name: CCTV-8, URL: https://iptv.catvod.com/live.php?id=CCTV8K%E8%B6%85%E9%AB%98%E6%B8%85&line=2, From: subscribe, IPv_Type: ipv4, Location: 美国-加利福尼亚州-洛杉矶, ISP: IT7网络, Date: None, Delay: 42 ms, Speed: 13.70 M/s, Resolution: 1920x1080
Name: CCTV-8, URL: https://iptv.catvod.com/catvod?id=CCTV8&line=15, From: subscribe, IPv_Type: ipv4, Location: 美国-加利福尼亚州-洛杉矶, ISP: IT7网络, Date: None, Delay: 42 ms, Speed: 13.52 M/s, Resolution: 1920x1080
Name: CCTV-8, URL: https://iptv.catvod.com/catvod?id=CCTV8&line=13, From: subscribe, IPv_Type: ipv4, Location: 美国-加利福尼亚州-洛杉矶, ISP: IT7网络, Date: None, Delay: 39 ms, Speed: 13.20 M/s, Resolution: 1920x1080
Name: CCTV-8, URL: https://iptv.catvod.com/catvod?id=CCTV8&line=9, From: subscribe, IPv_Type: ipv4, Location: 美国-加利福尼亚州-洛杉矶, ISP: IT7网络, Date: None, Delay: 48 ms, Speed: 12.42 M/s, Resolution: 1920x1080
Name: CCTV-8, URL: https://iptv.catvod.com/catvod?id=CCTV8&line=16, From: subscribe, IPv_Type: ipv4, Location: 美国-加利福尼亚州-洛杉矶, ISP: IT7网络, Date: None, Delay: 53 ms, Speed: 11.19 M/s, Resolution: 1920x1080
Name: CCTV-8, URL: https://iptv.catvod.com/catvod?id=CCTV8&line=17, From: subscribe, IPv_Type: ipv4, Location: 美国-加利福尼亚州-洛杉矶, ISP: IT7网络, Date: None, Delay: 55 ms, Speed: 10.82 M/s, Resolution: 1920x1080
Name: CCTV-8, URL: https://live.264788.xyz/channel/cctv8?streamid=6a85d271479df7e4105c8edd745b4625&livekey=01WgOR41rriMmMkzNsd0UoaxJRwetZdxIvtVk, From: subscribe, IPv_Type: ipv4, Location: 美国, ISP: CloudFlare节点, Date: None, Delay: 2528 ms, Speed: 8.55 M/s, Resolution: None
Name: CCTV-8, URL: https://live.264788.xyz/channel/cctv8?streamid=2527d55fd09df3db4f5d3824ddd8b58e&livekey=01WgOR41rriMmMkzNsd0UoaxJRwetZdxIvtVk, From: subscribe, IPv_Type: ipv4, Location: 美国, ISP: CloudFlare节点, Date: None, Delay: 293 ms, Speed: 0.00 M/s, Resolution: None
Name: CCTV-8, URL: https://live.264788.xyz/channel/cctv8?streamid=edf72a10a74fdf3c8d3b62e5540c2cf8&livekey=01WgOR41rriMmMkzNsd0UoaxJRwetZdxIvtVk, From: subscribe, IPv_Type: ipv4, Location: 美国, ISP: CloudFlare节点, Date: None, Delay: 297 ms, Speed: 0.00 M/s, Resolution: None
Name: CCTV-9, URL: http://207.56.13.146:81/cdnlive/cctv9.m3u8, From: subscribe, IPv_Type: ipv4, Location: 美国-科罗拉多州, ISP: NTT(美国)通信公司, Date: None, Delay: 636 ms, Speed: 6.85 M/s, Resolution: 1920x1080
Name: CCTV-9, URL: https://live.264788.xyz/channel/cctv9?streamid=a1c62cd1a08c871f0139cd4415979edd&livekey=01WgOR41rriMmMkzNsd0UoaxJRwetZdxIvtVk, From: subscribe, IPv_Type: ipv4, Location: 美国, ISP: CloudFlare节点, Date: None, Delay: 4477 ms, Speed: 0.80 M/s, Resolution: None
Name: CCTV-9, URL: https://xykt-fix.github.io/Y77.m3u8, From: subscribe, IPv_Type: ipv6, Location: 美国, ISP: , Date: None, Delay: 1698 ms, Speed: 0.12 M/s, Resolution: None
Name: CCTV-10, URL: https://live.264788.xyz/channel/cctv10?streamid=61d2faba189c1fee2c26fb733648e7d2&livekey=01WgOR41rriMmMkzNsd0UoaxJRwetZdxIvtVk, From: subscribe, IPv_Type: ipv4, Location: 美国, ISP: CloudFlare节点, Date: None, Delay: 74 ms, Speed: 52.47 M/s, Resolution: None
Name: CCTV-10, URL: https://live.264788.xyz/channel/cctv10?streamid=5c17e973e6d2241c96beb2627f7dc3fe&livekey=01WgOR41rriMmMkzNsd0UoaxJRwetZdxIvtVk, From: subscribe, IPv_Type: ipv4, Location: 美国, ISP: CloudFlare节点, Date: None, Delay: 73 ms, Speed: 47.24 M/s, Resolution: None
Name: CCTV-10, URL: https://live.264788.xyz/channel/cctv10?streamid=53ba5973e313102776c533632a495108&livekey=01WgOR41rriMmMkzNsd0UoaxJRwetZdxIvtVk, From: subscribe, IPv_Type: ipv4, Location: 美国, ISP: CloudFlare节点, Date: None, Delay: 1285 ms, Speed: 25.25 M/s, Resolution: None
Name: CCTV-10, URL: https://iptv.catvod.com/catvod?id=CCTV10&line=7, From: subscribe, IPv_Type: ipv4, Location: 美国-加利福尼亚州-洛杉矶, ISP: IT7网络, Date: None, Delay: 32 ms, Speed: 17.71 M/s, Resolution: 1920x1080
Name: CCTV-10, URL: https://iptv.catvod.com/catvod?id=CCTV10&line=11, From: subscribe, IPv_Type: ipv4, Location: 美国-加利福尼亚州-洛杉矶, ISP: IT7网络, Date: None, Delay: 35 ms, Speed: 17.08 M/s, Resolution: 1920x1080
Name: CCTV-10, URL: https://iptv.catvod.com/catvod?id=CCTV10&line=6, From: subscribe, IPv_Type: ipv4, Location: 美国-加利福尼亚州-洛杉矶, ISP: IT7网络, Date: None, Delay: 38 ms, Speed: 15.48 M/s, Resolution: 1920x1080
Name: CCTV-10, URL: https://cdn4.skygo.mn/live/disk1/CCTV-10/HLSv3-FTA/CCTV-10.m3u8, From: subscribe, IPv_Type: ipv4, Location: 蒙古, ISP: , Date: None, Delay: 3062 ms, Speed: 0.45 M/s, Resolution: None
Name: CCTV-10, URL: https://live.264788.xyz/channel/cctv10?streamid=1d44973ab4169ca43dd74f86cfd8b4c3&livekey=01WgOR41rriMmMkzNsd0UoaxJRwetZdxIvtVk, From: subscribe, IPv_Type: ipv4, Location: 美国, ISP: CloudFlare节点, Date: None, Delay: 295 ms, Speed: 0.00 M/s, Resolution: None
Name: CCTV-10, URL: https://live.264788.xyz/channel/cctv10?streamid=3b93fbcc94fb84f897deb567d7a2a4ab&livekey=01WgOR41rriMmMkzNsd0UoaxJRwetZdxIvtVk, From: subscribe, IPv_Type: ipv4, Location: 美国, ISP: CloudFlare节点, Date: None, Delay: 310 ms, Speed: 0.00 M/s, Resolution: 720x576
Name: CCTV-11, URL: https://iptv.catvod.com/catvod?id=CCTV11&line=5, From: subscribe, IPv_Type: ipv4, Location: 美国-加利福尼亚州-洛杉矶, ISP: IT7网络, Date: None, Delay: 44 ms, Speed: 14.21 M/s, Resolution: 1920x1080
Name: CCTV-11, URL: https://iptv.catvod.com/catvod?id=CCTV11&line=6, From: subscribe, IPv_Type: ipv4, Location: 美国-加利福尼亚州-洛杉矶, ISP: IT7网络, Date: None, Delay: 45 ms, Speed: 12.75 M/s, Resolution: 1920x1080
Name: CCTV-11, URL: https://iptv.catvod.com/catvod?id=CCTV11&line=4, From: subscribe, IPv_Type: ipv4, Location: 美国-加利福尼亚州-洛杉矶, ISP: IT7网络, Date: None, Delay: 60 ms, Speed: 11.05 M/s, Resolution: 1920x1080
Name: CCTV-11, URL: https://iptv.catvod.com/catvod?id=CCTV11&line=3, From: subscribe, IPv_Type: ipv4, Location: 美国-加利福尼亚州-洛杉矶, ISP: IT7网络, Date: None, Delay: 55 ms, Speed: 10.53 M/s, Resolution: 1920x1080
Name: CCTV-12, URL: https://live.264788.xyz/channel/cctv12?streamid=1ac62f22b4b7bbd88bf306dbabfc0cab&livekey=01WgOR41rriMmMkzNsd0UoaxJRwetZdxIvtVk, From: subscribe, IPv_Type: ipv4, Location: 美国, ISP: CloudFlare节点, Date: None, Delay: 60 ms, Speed: 62.53 M/s, Resolution: None
Name: CCTV-12, URL: https://live.264788.xyz/channel/cctv12?streamid=577823de18178c8e78f5dc92bfa605c3&livekey=01WgOR41rriMmMkzNsd0UoaxJRwetZdxIvtVk, From: subscribe, IPv_Type: ipv4, Location: 美国, ISP: CloudFlare节点, Date: None, Delay: 59 ms, Speed: 60.30 M/s, Resolution: None
Name: CCTV-12, URL: https://live.264788.xyz/channel/cctv12?streamid=2ffaa6964c764868df1ed3aa59a57a7d&livekey=01WgOR41rriMmMkzNsd0UoaxJRwetZdxIvtVk, From: subscribe, IPv_Type: ipv4, Location: 美国, ISP: CloudFlare节点, Date: None, Delay: 68 ms, Speed: 58.96 M/s, Resolution: 720x576
Name: CCTV-12, URL: https://iptv.catvod.com/catvod?id=CCTV12&line=5, From: subscribe, IPv_Type: ipv4, Location: 美国-加利福尼亚州-洛杉矶, ISP: IT7网络, Date: None, Delay: 35 ms, Speed: 17.52 M/s, Resolution: 1920x1080
Name: CCTV-12, URL: https://iptv.catvod.com/catvod?id=CCTV12&line=8, From: subscribe, IPv_Type: ipv4, Location: 美国-加利福尼亚州-洛杉矶, ISP: IT7网络, Date: None, Delay: 37 ms, Speed: 16.59 M/s, Resolution: 1920x1080
Name: CCTV-12, URL: https://iptv.catvod.com/catvod?id=CCTV12&line=6, From: subscribe, IPv_Type: ipv4, Location: 美国-加利福尼亚州-洛杉矶, ISP: IT7网络, Date: None, Delay: 34 ms, Speed: 15.78 M/s, Resolution: 1920x1080
Name: CCTV-12, URL: https://iptv.catvod.com/catvod?id=CCTV12&line=7, From: subscribe, IPv_Type: ipv4, Location: 美国-加利福尼亚州-洛杉矶, ISP: IT7网络, Date: None, Delay: 47 ms, Speed: 15.15 M/s, Resolution: 1920x1080
Name: CCTV-13, URL: https://live.264788.xyz/channel/cctv13?streamid=dbecf1389d46378ca3d9cd89bc2b6f25&livekey=01WgOR41rriMmMkzNsd0UoaxJRwetZdxIvtVk, From: subscribe, IPv_Type: ipv4, Location: 美国, ISP: CloudFlare节点, Date: None, Delay: 61 ms, Speed: 58.24 M/s, Resolution: None
Name: CCTV-13, URL: https://live.264788.xyz/channel/cctv13?streamid=10271fee253d2d91a7fc49f708ec621e&livekey=01WgOR41rriMmMkzNsd0UoaxJRwetZdxIvtVk, From: subscribe, IPv_Type: ipv4, Location: 美国, ISP: CloudFlare节点, Date: None, Delay: 71 ms, Speed: 49.44 M/s, Resolution: None
Name: CCTV-13, URL: https://iptv.catvod.com/catvod?id=CCTV13&line=5, From: subscribe, IPv_Type: ipv4, Location: 美国-加利福尼亚州-洛杉矶, ISP: IT7网络, Date: None, Delay: 35 ms, Speed: 17.72 M/s, Resolution: 1920x1080
Name: CCTV-13, URL: https://iptv.catvod.com/catvod?id=CCTV13&line=6, From: subscribe, IPv_Type: ipv4, Location: 美国-加利福尼亚州-洛杉矶, ISP: IT7网络, Date: None, Delay: 33 ms, Speed: 17.08 M/s, Resolution: 1920x1080
Name: CCTV-13, URL: https://iptv.catvod.com/catvod?id=CCTV13&line=1, From: subscribe, IPv_Type: ipv4, Location: 美国-加利福尼亚州-洛杉矶, ISP: IT7网络, Date: None, Delay: 33 ms, Speed: 16.77 M/s, Resolution: 1920x1080
Name: CCTV-13, URL: https://iptv.catvod.com/catvod?id=CCTV13&line=10, From: subscribe, IPv_Type: ipv4, Location: 美国-加利福尼亚州-洛杉矶, ISP: IT7网络, Date: None, Delay: 33 ms, Speed: 15.76 M/s, Resolution: 1920x1080
Name: CCTV-13, URL: https://iptv.catvod.com/catvod?id=CCTV13&line=11, From: subscribe, IPv_Type: ipv4, Location: 美国-加利福尼亚州-洛杉矶, ISP: IT7网络, Date: None, Delay: 35 ms, Speed: 15.56 M/s, Resolution: 1920x1080
Name: CCTV-13, URL: https://iptv.catvod.com/catvod?id=CCTV13&line=2, From: subscribe, IPv_Type: ipv4, Location: 美国-加利福尼亚州-洛杉矶, ISP: IT7网络, Date: None, Delay: 35 ms, Speed: 15.30 M/s, Resolution: 1920x1080
Name: CCTV-13, URL: https://iptv.catvod.com/catvod?id=CCTV13&line=3, From: subscribe, IPv_Type: ipv4, Location: 美国-加利福尼亚州-洛杉矶, ISP: IT7网络, Date: None, Delay: 38 ms, Speed: 14.71 M/s, Resolution: 1920x1080
Name: CCTV-13, URL: https://cdn3.163189.xyz/163189/cctv13, From: subscribe, IPv_Type: ipv6, Location: 美国, ISP: CloudFlare Inc., Date: None, Delay: 321 ms, Speed: 14.66 M/s, Resolution: 1920x1080
Name: CCTV-13, URL: https://iptv.catvod.com/catvod?id=CCTV13&line=9, From: subscribe, IPv_Type: ipv4, Location: 美国-加利福尼亚州-洛杉矶, ISP: IT7网络, Date: None, Delay: 54 ms, Speed: 13.92 M/s, Resolution: 1920x1080
Name: CCTV-13, URL: https://live.264788.xyz/channel/cctv13?streamid=18337d7a8a925fefa6736f2af5f779a5&livekey=01WgOR41rriMmMkzNsd0UoaxJRwetZdxIvtVk, From: subscribe, IPv_Type: ipv4, Location: 美国, ISP: CloudFlare节点, Date: None, Delay: 1568 ms, Speed: 13.24 M/s, Resolution: None
Name: CCTV-13, URL: https://iptv.catvod.com/catvod?id=CCTV13&line=4, From: subscribe, IPv_Type: ipv4, Location: 美国-加利福尼亚州-洛杉矶, ISP: IT7网络, Date: None, Delay: 47 ms, Speed: 13.16 M/s, Resolution: 1920x1080
Name: CCTV-13, URL: https://iptv.catvod.com/catvod?id=CCTV13&line=7, From: subscribe, IPv_Type: ipv4, Location: 美国-加利福尼亚州-洛杉矶, ISP: IT7网络, Date: None, Delay: 51 ms, Speed: 11.37 M/s, Resolution: 1920x1080
Name: CCTV-13, URL: https://iptv.catvod.com/catvod?id=CCTV13&line=8, From: subscribe, IPv_Type: ipv4, Location: 美国-加利福尼亚州-洛杉矶, ISP: IT7网络, Date: None, Delay: 49 ms, Speed: 11.17 M/s, Resolution: 1920x1080
Name: CCTV-13, URL: http://207.56.13.146:81/cdnlive/cctv13.m3u8, From: subscribe, IPv_Type: ipv4, Location: 美国-科罗拉多州, ISP: NTT(美国)通信公司, Date: None, Delay: 713 ms, Speed: 5.71 M/s, Resolution: 1920x1080
Name: CCTV-13, URL: https://event.pull.hebtv.com/jishi/cp1.m3u8, From: subscribe, IPv_Type: ipv6, Location: 中国, ISP: 中国电信, Date: None, Delay: 2925 ms, Speed: 0.95 M/s, Resolution: 1920x1080
Name: CCTV-13, URL: http://cjcrcb.top:65500/udp/238.125.0.189:5140, From: subscribe, IPv_Type: ipv4, Location: 中国-新疆-昌吉回族自治州, ISP: 电信, Date: None, Delay: 1580 ms, Speed: 0.64 M/s, Resolution: 1920x1080
Name: CCTV-13, URL: http://pull-flv-f11.douyinliving.com/media/stream-695829341161128786.flv?expire=1779443980&sign=c106414455c8c02057b64f5998b0be08&neq=1&major_anchor_level=vip&s_anchor=1&arch_hrchy=s2&unique_id=stream-695829341161128786_850_flv&t_id=037-20260515175939F18DD3216651B74A5447-FdVP5L, From: subscribe, IPv_Type: ipv4, Location: 美国-德克萨斯州-达拉斯, ISP: 腾讯云, Date: None, Delay: 87 ms, Speed: 0.51 M/s, Resolution: 1920x1080
Name: CCTV-13, URL: https://ldncctvwbcdcnc.v.wscdns.com/ldncctvwbcd/cdrmldcctv13_1/index.m3u8, From: subscribe, IPv_Type: ipv6, Location: 中国, ISP: 中国电信, Date: None, Delay: 1478 ms, Speed: 0.20 M/s, Resolution: 1920x1080
Name: CCTV-14, URL: https://live.264788.xyz/channel/cctv14?streamid=f0870d5670f7b591427c91bcb34e55d4&livekey=01WgOR41rriMmMkzNsd0UoaxJRwetZdxIvtVk, From: subscribe, IPv_Type: ipv4, Location: 美国, ISP: CloudFlare节点, Date: None, Delay: 61 ms, Speed: 60.73 M/s, Resolution: None
Name: CCTV-14, URL: https://live.264788.xyz/channel/cctv14?streamid=cabc817805412b81748c942b2dcb39c5&livekey=01WgOR41rriMmMkzNsd0UoaxJRwetZdxIvtVk, From: subscribe, IPv_Type: ipv4, Location: 美国, ISP: CloudFlare节点, Date: None, Delay: 68 ms, Speed: 55.52 M/s, Resolution: 720x576
Name: CCTV-14, URL: https://iptv.catvod.com/catvod?id=CCTV14&line=9, From: subscribe, IPv_Type: ipv4, Location: 美国-加利福尼亚州-洛杉矶, ISP: IT7网络, Date: None, Delay: 34 ms, Speed: 17.08 M/s, Resolution: 1920x1080
Name: CCTV-14, URL: https://iptv.catvod.com/catvod?id=CCTV14&line=4, From: subscribe, IPv_Type: ipv4, Location: 美国-加利福尼亚州-洛杉矶, ISP: IT7网络, Date: None, Delay: 33 ms, Speed: 16.77 M/s, Resolution: 1920x1080
Name: CCTV-14, URL: https://iptv.catvod.com/catvod?id=CCTV14&line=8, From: subscribe, IPv_Type: ipv4, Location: 美国-加利福尼亚州-洛杉矶, ISP: IT7网络, Date: None, Delay: 34 ms, Speed: 16.42 M/s, Resolution: 1920x1080
Name: CCTV-14, URL: https://iptv.catvod.com/catvod?id=CCTV14&line=1, From: subscribe, IPv_Type: ipv4, Location: 美国-加利福尼亚州-洛杉矶, ISP: IT7网络, Date: None, Delay: 41 ms, Speed: 15.82 M/s, Resolution: 1920x1080
Name: CCTV-14, URL: https://iptv.catvod.com/catvod?id=CCTV14&line=3, From: subscribe, IPv_Type: ipv4, Location: 美国-加利福尼亚州-洛杉矶, ISP: IT7网络, Date: None, Delay: 37 ms, Speed: 15.05 M/s, Resolution: 1920x1080
Name: CCTV-14, URL: https://iptv.catvod.com/catvod?id=CCTV14&line=5, From: subscribe, IPv_Type: ipv4, Location: 美国-加利福尼亚州-洛杉矶, ISP: IT7网络, Date: None, Delay: 36 ms, Speed: 14.89 M/s, Resolution: 1920x1080
Name: CCTV-14, URL: https://iptv.catvod.com/catvod?id=CCTV14&line=2, From: subscribe, IPv_Type: ipv4, Location: 美国-加利福尼亚州-洛杉矶, ISP: IT7网络, Date: None, Delay: 43 ms, Speed: 14.68 M/s, Resolution: 1920x1080
Name: CCTV-14, URL: https://iptv.catvod.com/catvod?id=CCTV14&line=7, From: subscribe, IPv_Type: ipv4, Location: 美国-加利福尼亚州-洛杉矶, ISP: IT7网络, Date: None, Delay: 53 ms, Speed: 14.47 M/s, Resolution: 1920x1080
Name: CCTV-14, URL: https://iptv.catvod.com/catvod?id=CCTV14&line=6, From: subscribe, IPv_Type: ipv4, Location: 美国-加利福尼亚州-洛杉矶, ISP: IT7网络, Date: None, Delay: 40 ms, Speed: 14.36 M/s, Resolution: 1920x1080
Name: CCTV-14, URL: https://event.pull.hebtv.com/jishi/cp2.m3u8, From: subscribe, IPv_Type: ipv6, Location: 中国, ISP: 中国电信, Date: None, Delay: 3202 ms, Speed: 0.91 M/s, Resolution: 1920x1080
Name: CCTV-15, URL: https://iptv.catvod.com/catvod?id=CCTV15&line=4, From: subscribe, IPv_Type: ipv4, Location: 美国-加利福尼亚州-洛杉矶, ISP: IT7网络, Date: None, Delay: 34 ms, Speed: 16.70 M/s, Resolution: 1920x1080
Name: CCTV-15, URL: https://iptv.catvod.com/catvod?id=CCTV15&line=5, From: subscribe, IPv_Type: ipv4, Location: 美国-加利福尼亚州-洛杉矶, ISP: IT7网络, Date: None, Delay: 38 ms, Speed: 15.82 M/s, Resolution: 1920x1080
Name: CCTV-15, URL: https://iptv.catvod.com/catvod?id=CCTV15&line=7, From: subscribe, IPv_Type: ipv4, Location: 美国-加利福尼亚州-洛杉矶, ISP: IT7网络, Date: None, Delay: 36 ms, Speed: 15.59 M/s, Resolution: 1920x1080
Name: CCTV-15, URL: https://iptv.catvod.com/catvod?id=CCTV15&line=6, From: subscribe, IPv_Type: ipv4, Location: 美国-加利福尼亚州-洛杉矶, ISP: IT7网络, Date: None, Delay: 44 ms, Speed: 13.09 M/s, Resolution: 1920x1080
Name: CCTV-15, URL: https://live.264788.xyz/channel/cctv15?streamid=6d7a6859e22aa51e7c09b29a9f1848d7&livekey=01WgOR41rriMmMkzNsd0UoaxJRwetZdxIvtVk, From: subscribe, IPv_Type: ipv4, Location: 美国, ISP: CloudFlare节点, Date: None, Delay: 283 ms, Speed: 0.00 M/s, Resolution: None
Name: CCTV-15, URL: https://live.264788.xyz/channel/cctv15?streamid=487b3ba4a02ac11c8df5b62e9d5e3deb&livekey=01WgOR41rriMmMkzNsd0UoaxJRwetZdxIvtVk, From: subscribe, IPv_Type: ipv4, Location: 美国, ISP: CloudFlare节点, Date: None, Delay: 311 ms, Speed: 0.00 M/s, Resolution: None
Name: CCTV-16, URL: https://live.264788.xyz/channel/cctv16?streamid=d1ef1cb15a9781aecd1fa91d03ab41ac&livekey=01WgOR41rriMmMkzNsd0UoaxJRwetZdxIvtVk, From: subscribe, IPv_Type: ipv4, Location: 美国, ISP: CloudFlare节点, Date: None, Delay: 98 ms, Speed: 131.06 M/s, Resolution: None
Name: CCTV-16, URL: https://iptv.catvod.com/catvod?id=CCTV16&line=1, From: subscribe, IPv_Type: ipv4, Location: 美国-加利福尼亚州-洛杉矶, ISP: IT7网络, Date: None, Delay: 40 ms, Speed: 15.22 M/s, Resolution: 1920x1080
Name: CCTV-16, URL: https://iptv.catvod.com/catvod?id=CCTV16&line=2, From: subscribe, IPv_Type: ipv4, Location: 美国-加利福尼亚州-洛杉矶, ISP: IT7网络, Date: None, Delay: 37 ms, Speed: 15.00 M/s, Resolution: 1920x1080
Name: CCTV-16, URL: https://live.264788.xyz/channel/cctv16?streamid=cc85018b83212f71155d47ecd19d745e&livekey=01WgOR41rriMmMkzNsd0UoaxJRwetZdxIvtVk, From: subscribe, IPv_Type: ipv4, Location: 美国, ISP: CloudFlare节点, Date: None, Delay: 295 ms, Speed: 0.00 M/s, Resolution: None
Name: CCTV-17, URL: https://iptv.catvod.com/catvod?id=CCTV17&line=5, From: subscribe, IPv_Type: ipv4, Location: 美国-加利福尼亚州-洛杉矶, ISP: IT7网络, Date: None, Delay: 29 ms, Speed: 17.90 M/s, Resolution: 1920x1080
Name: CCTV-17, URL: https://iptv.catvod.com/catvod?id=CCTV17&line=4, From: subscribe, IPv_Type: ipv4, Location: 美国-加利福尼亚州-洛杉矶, ISP: IT7网络, Date: None, Delay: 36 ms, Speed: 16.79 M/s, Resolution: 1920x1080
Name: CCTV-17, URL: https://iptv.catvod.com/catvod?id=CCTV17&line=3, From: subscribe, IPv_Type: ipv4, Location: 美国-加利福尼亚州-洛杉矶, ISP: IT7网络, Date: None, Delay: 37 ms, Speed: 15.50 M/s, Resolution: 1920x1080
Name: CCTV-17, URL: https://iptv.catvod.com/catvod?id=CCTV17&line=6, From: subscribe, IPv_Type: ipv4, Location: 美国-加利福尼亚州-洛杉矶, ISP: IT7网络, Date: None, Delay: 40 ms, Speed: 14.90 M/s, Resolution: 1920x1080
Name: CCTV-17, URL: https://iptv.catvod.com/catvod?id=CCTV17&line=7, From: subscribe, IPv_Type: ipv4, Location: 美国-加利福尼亚州-洛杉矶, ISP: IT7网络, Date: None, Delay: 45 ms, Speed: 13.02 M/s, Resolution: 1920x1080
Name: CETV-3, URL: http://107.150.60.122/live/cetv3.m3u8, From: subscribe, IPv_Type: ipv4, Location: 美国-密苏里州-杰克逊县, ISP: NOCIX数据中心, Date: None, Delay: 1499 ms, Speed: 0.35 M/s, Resolution: 720x576
Name: 文化精品, URL: https://live.264788.xyz/channel/yangshiwenhuajingpin?streamid=bc185d1ef1e528922e83efd845006277&livekey=01WgOR41rriMmMkzNsd0UoaxJRwetZdxIvtVk, From: subscribe, IPv_Type: ipv4, Location: 美国, ISP: CloudFlare节点, Date: None, Delay: 322 ms, Speed: 20.02 M/s, Resolution: 1920x1080
Name: 文化精品, URL: https://live.264788.xyz/channel/yangshiwenhuajingpin?streamid=618d33181dba2b51e9d3752d73d737b8&livekey=01WgOR41rriMmMkzNsd0UoaxJRwetZdxIvtVk, From: subscribe, IPv_Type: ipv4, Location: 美国, ISP: CloudFlare节点, Date: None, Delay: 1954 ms, Speed: 10.21 M/s, Resolution: 1920x1080
Name: 文化精品, URL: http://38.75.136.137:98/gslb/dsdqpub/ysjp.m3u8?auth=testpub, From: subscribe, IPv_Type: ipv4, Location: 美国-伊利诺伊州-库克, ISP: Cogent, Date: None, Delay: 592 ms, Speed: 7.26 M/s, Resolution: 1920x1080
Name: 文化精品, URL: http://207.56.13.146:81/cdnlive/ysjp.m3u8, From: subscribe, IPv_Type: ipv4, Location: 美国-科罗拉多州, ISP: NTT(美国)通信公司, Date: None, Delay: 691 ms, Speed: 3.06 M/s, Resolution: 1920x1080
Name: 文化精品, URL: http://107.150.60.122/live/ysjp.m3u8, From: subscribe, IPv_Type: ipv4, Location: 美国-密苏里州-杰克逊县, ISP: NOCIX数据中心, Date: None, Delay: 2690 ms, Speed: 0.39 M/s, Resolution: 1920x1080
Name: 央视台球, URL: http://207.56.13.146:81/cdnlive/ystq.m3u8, From: subscribe, IPv_Type: ipv4, Location: 美国-科罗拉多州, ISP: NTT(美国)通信公司, Date: None, Delay: 672 ms, Speed: 6.17 M/s, Resolution: 1920x1080
Name: 央视台球, URL: http://38.75.136.137:98/gslb/dsdqpub/ystq.m3u8?auth=testpub, From: subscribe, IPv_Type: ipv4, Location: 美国-伊利诺伊州-库克, ISP: Cogent, Date: None, Delay: 5148 ms, Speed: 0.92 M/s, Resolution: 1920x1080
Name: 风云音乐, URL: http://207.56.13.146:81/cdnlive/fyyy.m3u8, From: subscribe, IPv_Type: ipv4, Location: 美国-科罗拉多州, ISP: NTT(美国)通信公司, Date: None, Delay: 1002 ms, Speed: 3.96 M/s, Resolution: 1920x1080
Name: 第一剧场, URL: https://epg.pw/stream/6d7bf281e3d739806a73f5373acaa6e01988ec9739f5ac1355ce54b47a928472.m3u8, From: subscribe, IPv_Type: ipv6, Location: 美国, ISP: CloudFlare Inc., Date: None, Delay: 910 ms, Speed: 0.73 M/s, Resolution: 1280x720
Name: 第一剧场, URL: http://175.178.232.13:16888/api/htuiliu.php?exp=08cf2a85bb499c832add0cc51fc18517&ip=106.226.94.180&id=b46db1b6c54feb9c52d6164fc90ab8caf1b34add41fc1ca2ae1d23a63b39da4b, From: subscribe, IPv_Type: ipv4, Location: 中国-广东-广州, ISP: 腾讯云, Date: None, Delay: 49 ms, Speed: 0.55 M/s, Resolution: 1920x1080
Name: 第一剧场, URL: http://175.178.232.13:16888/api/htuiliu.php?exp=08cf2a85bb499c832add0cc51fc18517&ip=106.226.94.180&id=1ea846b9434f5643d5946fe9a80ec1c9e055fe9815affaa07ceb6c53dcdae582, From: subscribe, IPv_Type: ipv4, Location: 中国-广东-广州, ISP: 腾讯云, Date: None, Delay: 493 ms, Speed: 0.33 M/s, Resolution: 1280x720
Name: 第一剧场, URL: http://107.150.60.122/live/dyjc.m3u8, From: subscribe, IPv_Type: ipv4, Location: 美国-密苏里州-杰克逊县, ISP: NOCIX数据中心, Date: None, Delay: 4201 ms, Speed: 0.25 M/s, Resolution: 1920x1080
Name: 女性时尚, URL: http://207.56.13.146:81/cdnlive/nxss.m3u8, From: subscribe, IPv_Type: ipv4, Location: 美国-科罗拉多州, ISP: NTT(美国)通信公司, Date: None, Delay: 567 ms, Speed: 3.85 M/s, Resolution: 1920x1080
Name: 高尔夫网球, URL: http://38.75.136.137:98/gslb/dsdqpub/gefwq.m3u8?auth=testpub, From: subscribe, IPv_Type: ipv4, Location: 美国-伊利诺伊州-库克, ISP: Cogent, Date: None, Delay: 1050 ms, Speed: 4.38 M/s, Resolution: 1920x1080
Name: 高尔夫网球, URL: http://207.56.13.146:81/cdnlive/gefwq.m3u8, From: subscribe, IPv_Type: ipv4, Location: 美国-科罗拉多州, ISP: NTT(美国)通信公司, Date: None, Delay: 4138 ms, Speed: 1.04 M/s, Resolution: 1920x1080
Name: 电视指南, URL: http://38.75.136.137:98/gslb/dsdqpub/dszn.m3u8?auth=testpub, From: subscribe, IPv_Type: ipv4, Location: 美国-伊利诺伊州-库克, ISP: Cogent, Date: None, Delay: 866 ms, Speed: 5.88 M/s, Resolution: 1920x1080
Name: 世界地理, URL: http://107.150.60.122/live/sjdl.m3u8, From: subscribe, IPv_Type: ipv4, Location: 美国-密苏里州-杰克逊县, ISP: NOCIX数据中心, Date: None, Delay: 524 ms, Speed: 5.26 M/s, Resolution: 1920x1080
Name: 世界地理, URL: http://38.75.136.137:98/gslb/dsdqpub/sjdl.m3u8?auth=testpub, From: subscribe, IPv_Type: ipv4, Location: 美国-伊利诺伊州-库克, ISP: Cogent, Date: None, Delay: 515 ms, Speed: 5.10 M/s, Resolution: 1920x1080
Name: 世界地理, URL: https://shcm-stream-cf1.stream.264788.xyz/cms001/ch00000090990000001620/index.m3u8?streamid=8a034b40397504e25b3775c772237996&streamkey=01vY5fRxC8VyKg4oq30vfikHXTCAKySLP29l6OG91kQlzDttHgzNLkUw5kivm3PfNsVHJv5FgdsPBYFYI2IWpt7tfRCuFHqLT2pvX67ubMds8jl2DHtvOh0&token=1775754349-4f33f4f84a4abeba-0-91687dc8c9325092efa1d00f330d2710, From: subscribe, IPv_Type: ipv4, Location: 美国, ISP: CloudFlare节点, Date: None, Delay: 288 ms, Speed: 0.00 M/s, Resolution: None
Name: 兵器科技, URL: http://207.56.13.146:81/cdnlive/gfjs.m3u8, From: subscribe, IPv_Type: ipv4, Location: 美国-科罗拉多州, ISP: NTT(美国)通信公司, Date: None, Delay: 562 ms, Speed: 3.97 M/s, Resolution: 1920x1080
Name: 兵器科技, URL: http://38.75.136.137:98/gslb/dsdqpub/gfjs.m3u8?auth=testpub, From: subscribe, IPv_Type: ipv4, Location: 美国-伊利诺伊州-库克, ISP: Cogent, Date: None, Delay: 1904 ms, Speed: 3.23 M/s, Resolution: 1920x1080
Name: 兵器科技, URL: https://live.264788.xyz/channel/bingqikeji?streamid=6fc55a0966bdad1e1cdf39a4d37dd776&livekey=01WgOR41rriMmMkzNsd0UoaxJRwetZdxIvtVk, From: subscribe, IPv_Type: ipv4, Location: 美国, ISP: CloudFlare节点, Date: None, Delay: 303 ms, Speed: 0.00 M/s, Resolution: 1920x1080
Name: 兵器科技, URL: https://live.264788.xyz/channel/bingqikeji?streamid=530cb4e58bbc48b7fc26f5e0a2e47966&livekey=01WgOR41rriMmMkzNsd0UoaxJRwetZdxIvtVk, From: subscribe, IPv_Type: ipv4, Location: 美国, ISP: CloudFlare节点, Date: None, Delay: 310 ms, Speed: 0.00 M/s, Resolution: 1920x1080
Name: 广东卫视, URL: http://207.56.13.146:81/cdnlive/gdws.m3u8, From: subscribe, IPv_Type: ipv4, Location: 美国-科罗拉多州, ISP: NTT(美国)通信公司, Date: None, Delay: 840 ms, Speed: 4.68 M/s, Resolution: 1920x1080
Name: 广东卫视, URL: https://live.264788.xyz/channel/guangdongweishi?streamid=c56d46d73457533e94deb4c1049a7767&livekey=01WgOR41rriMmMkzNsd0UoaxJRwetZdxIvtVk, From: subscribe, IPv_Type: ipv4, Location: 美国, ISP: CloudFlare节点, Date: None, Delay: 803 ms, Speed: 0.00 M/s, Resolution: None
Name: 浙江卫视, URL: https://live.264788.xyz/channel/zhejiangweishi?streamid=f5e7e8c75bba6951ba709e8a46ff2772&livekey=01WgOR41rriMmMkzNsd0UoaxJRwetZdxIvtVk, From: subscribe, IPv_Type: ipv4, Location: 美国, ISP: CloudFlare节点, Date: None, Delay: 113 ms, Speed: 53.22 M/s, Resolution: None
Name: 湖南卫视, URL: https://live.264788.xyz/channel/hunanweishi?streamid=55aa70b744ce4863ca4f21755ce7821f&livekey=01WgOR41rriMmMkzNsd0UoaxJRwetZdxIvtVk, From: subscribe, IPv_Type: ipv4, Location: 美国, ISP: CloudFlare节点, Date: None, Delay: 121 ms, Speed: 101.22 M/s, Resolution: None
Name: 湖南卫视, URL: https://live.264788.xyz/channel/hunanweishi?streamid=8e9299121d7998c768bf5cca270f2956&livekey=01WgOR41rriMmMkzNsd0UoaxJRwetZdxIvtVk, From: subscribe, IPv_Type: ipv4, Location: 美国, ISP: CloudFlare节点, Date: None, Delay: 1108 ms, Speed: 33.90 M/s, Resolution: None
Name: 湖南卫视, URL: https://live.264788.xyz/channel/hunanweishi?streamid=e9d82e727780e80a83d0225fa0fa8dfe&livekey=01WgOR41rriMmMkzNsd0UoaxJRwetZdxIvtVk, From: subscribe, IPv_Type: ipv4, Location: 美国, ISP: CloudFlare节点, Date: None, Delay: 1029 ms, Speed: 33.82 M/s, Resolution: None
Name: 湖南卫视, URL: https://iptv.catvod.com/catvod?id=%E6%B9%96%E5%8D%97%E5%8D%AB%E8%A7%86&line=1, From: subscribe, IPv_Type: ipv4, Location: 美国-加利福尼亚州-洛杉矶, ISP: IT7网络, Date: None, Delay: 30 ms, Speed: 18.33 M/s, Resolution: 1920x1080
Name: 湖南卫视, URL: https://iptv.catvod.com/catvod?id=%E6%B9%96%E5%8D%97%E5%8D%AB%E8%A7%86&line=2, From: subscribe, IPv_Type: ipv4, Location: 美国-加利福尼亚州-洛杉矶, ISP: IT7网络, Date: None, Delay: 33 ms, Speed: 17.31 M/s, Resolution: 1920x1080
Name: 湖南卫视, URL: https://iptv.catvod.com/catvod?id=%E6%B9%96%E5%8D%97%E5%8D%AB%E8%A7%86&line=4, From: subscribe, IPv_Type: ipv4, Location: 美国-加利福尼亚州-洛杉矶, ISP: IT7网络, Date: None, Delay: 33 ms, Speed: 16.80 M/s, Resolution: 1920x1080
Name: 湖南卫视, URL: https://iptv.catvod.com/catvod?id=%E6%B9%96%E5%8D%97%E5%8D%AB%E8%A7%86&line=3, From: subscribe, IPv_Type: ipv4, Location: 美国-加利福尼亚州-洛杉矶, ISP: IT7网络, Date: None, Delay: 36 ms, Speed: 15.35 M/s, Resolution: 1920x1080
Name: 湖南卫视, URL: http://satellitepull.cnr.cn/live/wx32hunws/playlist.m3u8, From: subscribe, IPv_Type: ipv4, Location: 美国-伊利诺伊州-库克, ISP: 网宿CDN节点, Date: None, Delay: 12 ms, Speed: 9.06 M/s, Resolution: None
Name: 湖南卫视, URL: https://live.264788.xyz/channel/hunanweishi?streamid=0828c5c3517aef9c72343736b2d9d1f9&livekey=01WgOR41rriMmMkzNsd0UoaxJRwetZdxIvtVk, From: subscribe, IPv_Type: ipv4, Location: 美国, ISP: CloudFlare节点, Date: None, Delay: 975 ms, Speed: 5.57 M/s, Resolution: None
Name: 湖南卫视, URL: http://207.56.13.146:81/cdnlive/hnws.m3u8, From: subscribe, IPv_Type: ipv4, Location: 美国-科罗拉多州, ISP: NTT(美国)通信公司, Date: None, Delay: 790 ms, Speed: 5.21 M/s, Resolution: 1920x1080
Name: 湖南卫视, URL: https://live.264788.xyz/channel/hunanweishi?streamid=3a2f9c81b8b580f1303e333f855c5f54&livekey=01WgOR41rriMmMkzNsd0UoaxJRwetZdxIvtVk, From: subscribe, IPv_Type: ipv4, Location: 美国, ISP: CloudFlare节点, Date: None, Delay: 305 ms, Speed: 0.00 M/s, Resolution: None
Name: 北京卫视, URL: http://satellitepull.cnr.cn/live/wxbtv/playlist.m3u8, From: subscribe, IPv_Type: ipv4, Location: 美国-德克萨斯州-达拉斯, ISP: 网宿科技CDN节点, Date: None, Delay: 6 ms, Speed: 16.52 M/s, Resolution: None
Name: 北京卫视, URL: https://iptv.catvod.com/catvod?id=%E5%8C%97%E4%BA%AC%E5%8D%AB%E8%A7%86&line=6, From: subscribe, IPv_Type: ipv4, Location: 美国-加利福尼亚州-洛杉矶, ISP: IT7网络, Date: None, Delay: 49 ms, Speed: 11.29 M/s, Resolution: 1920x1080
Name: 北京卫视, URL: http://207.56.13.146:81/cdnlive/bjws.m3u8, From: subscribe, IPv_Type: ipv4, Location: 美国-科罗拉多州, ISP: NTT(美国)通信公司, Date: None, Delay: 2760 ms, Speed: 1.53 M/s, Resolution: 1920x1080
Name: 湖北卫视, URL: http://63.141.230.178:82/gslb/zbdq5.m3u8?id=hbwshd, From: subscribe, IPv_Type: ipv4, Location: 美国, ISP: , Date: None, Delay: 1060 ms, Speed: 5.33 M/s, Resolution: 1920x1080
Name: 黑龙江卫视, URL: https://live.264788.xyz/channel/heilongjiangweishi?streamid=9c1ab264c5f51571ce8602454b157f37&livekey=01WgOR41rriMmMkzNsd0UoaxJRwetZdxIvtVk, From: subscribe, IPv_Type: ipv4, Location: 美国, ISP: CloudFlare节点, Date: None, Delay: 1565 ms, Speed: 20.12 M/s, Resolution: None
Name: 黑龙江卫视, URL: https://live.264788.xyz/channel/heilongjiangweishi?streamid=5bc0f34437d76466e8ce387d3b8debbd&livekey=01WgOR41rriMmMkzNsd0UoaxJRwetZdxIvtVk, From: subscribe, IPv_Type: ipv4, Location: 美国, ISP: CloudFlare节点, Date: None, Delay: 1592 ms, Speed: 4.97 M/s, Resolution: None
Name: 黑龙江卫视, URL: http://l.cztvcloud.com/channels/lantian/SXyuyao3/720p.m3u8, From: subscribe, IPv_Type: ipv4, Location: 中国-江苏-南通, ISP: 电信, Date: None, Delay: 3032 ms, Speed: 0.40 M/s, Resolution: 720x576
Name: 黑龙江卫视, URL: https://live.264788.xyz/channel/heilongjiangweishi?streamid=af948f073fa99b226abb4c2ea63410da&livekey=01WgOR41rriMmMkzNsd0UoaxJRwetZdxIvtVk, From: subscribe, IPv_Type: ipv4, Location: 美国, ISP: CloudFlare节点, Date: None, Delay: 303 ms, Speed: 0.00 M/s, Resolution: None
Name: 黑龙江卫视, URL: https://live.264788.xyz/channel/heilongjiangweishi?streamid=43810153d9094bbea29e4ee654e3b919&livekey=01WgOR41rriMmMkzNsd0UoaxJRwetZdxIvtVk, From: subscribe, IPv_Type: ipv4, Location: 美国, ISP: CloudFlare节点, Date: None, Delay: 776 ms, Speed: 0.00 M/s, Resolution: 1920x1080
Name: 黑龙江卫视, URL: https://live.264788.xyz/channel/heilongjiangweishi?streamid=9e03d442683b7ecf5b887926d8068438&livekey=01WgOR41rriMmMkzNsd0UoaxJRwetZdxIvtVk, From: subscribe, IPv_Type: ipv4, Location: 美国, ISP: CloudFlare节点, Date: None, Delay: 972 ms, Speed: 0.00 M/s, Resolution: None
Name: 安徽卫视, URL: https://live.264788.xyz/channel/anhuiweishi?streamid=16954d54656b5b53a77b37ae4aa4d1e6&livekey=01WgOR41rriMmMkzNsd0UoaxJRwetZdxIvtVk, From: subscribe, IPv_Type: ipv4, Location: 美国, ISP: CloudFlare节点, Date: None, Delay: 1657 ms, Speed: 18.22 M/s, Resolution: 1920x1080
Name: 安徽卫视, URL: http://192.151.150.154/live/ahwshd.m3u8, From: subscribe, IPv_Type: ipv4, Location: 美国-密苏里州-杰克逊县, ISP: Datashack公司, Date: None, Delay: 610 ms, Speed: 6.68 M/s, Resolution: 1920x1080
Name: 安徽卫视, URL: https://live.264788.xyz/channel/anhuiweishi?streamid=b2fc69f1f45702089d9aabb206973c39&livekey=01WgOR41rriMmMkzNsd0UoaxJRwetZdxIvtVk, From: subscribe, IPv_Type: ipv4, Location: 美国, ISP: CloudFlare节点, Date: None, Delay: 303 ms, Speed: 0.00 M/s, Resolution: None
Name: 安徽卫视, URL: https://live.264788.xyz/channel/anhuiweishi?streamid=a71db09d6da162eb65f7f918f3a4178c&livekey=01WgOR41rriMmMkzNsd0UoaxJRwetZdxIvtVk, From: subscribe, IPv_Type: ipv4, Location: 美国, ISP: CloudFlare节点, Date: None, Delay: 775 ms, Speed: 0.00 M/s, Resolution: 1920x1080
Name: 东方卫视, URL: http://bp-resource-dfl.bestv.cn/148/3/video.m3u8, From: subscribe, IPv_Type: ipv4, Location: 美国-加利福尼亚州-洛杉矶, ISP: Level3, Date: None, Delay: 121 ms, Speed: 15.75 M/s, Resolution: 1920x1080
Name: 东方卫视, URL: http://207.56.13.146:81/cdnlive/dfws.m3u8, From: subscribe, IPv_Type: ipv4, Location: 美国-科罗拉多州, ISP: NTT(美国)通信公司, Date: None, Delay: 1390 ms, Speed: 4.34 M/s, Resolution: 1920x1080
Name: 东南卫视, URL: http://207.56.13.146:81/cdnlive/dnws.m3u8, From: subscribe, IPv_Type: ipv4, Location: 美国-科罗拉多州, ISP: NTT(美国)通信公司, Date: None, Delay: 5696 ms, Speed: 0.76 M/s, Resolution: 1920x1080
Name: 东南卫视, URL: https://live.264788.xyz/channel/dongnanweishi?streamid=9e74f5aa0d2f3055fb2f682bd1b72cc4&livekey=01WgOR41rriMmMkzNsd0UoaxJRwetZdxIvtVk, From: subscribe, IPv_Type: ipv4, Location: 美国, ISP: CloudFlare节点, Date: None, Delay: 291 ms, Speed: 0.00 M/s, Resolution: None
Name: 东南卫视, URL: https://live.264788.xyz/channel/dongnanweishi?streamid=9f7e5a5075f9b78b82fcba50d90ede63&livekey=01WgOR41rriMmMkzNsd0UoaxJRwetZdxIvtVk, From: subscribe, IPv_Type: ipv4, Location: 美国, ISP: CloudFlare节点, Date: None, Delay: 294 ms, Speed: 0.00 M/s, Resolution: None
Name: 东南卫视, URL: https://live.264788.xyz/channel/dongnanweishi?streamid=7ac1647173cac04556dbb3d5dd784331&livekey=01WgOR41rriMmMkzNsd0UoaxJRwetZdxIvtVk, From: subscribe, IPv_Type: ipv4, Location: 美国, ISP: CloudFlare节点, Date: None, Delay: 302 ms, Speed: 0.00 M/s, Resolution: None
Name: 甘肃卫视, URL: https://live.264788.xyz/channel/gansuweishi?streamid=1a138e550cc9a42a93bd999c5e2e4f06&livekey=01WgOR41rriMmMkzNsd0UoaxJRwetZdxIvtVk, From: subscribe, IPv_Type: ipv4, Location: 美国, ISP: CloudFlare节点, Date: None, Delay: 66 ms, Speed: 58.72 M/s, Resolution: None
Name: 甘肃卫视, URL: http://63.141.230.178:82/gslb/zbdq5.m3u8?id=gswshd, From: subscribe, IPv_Type: ipv4, Location: 美国, ISP: , Date: None, Delay: 547 ms, Speed: 5.95 M/s, Resolution: 1920x1080
Name: 甘肃卫视, URL: https://live.264788.xyz/channel/gansuweishi?streamid=7e5725bd0fd11e1838df3be9dcf1ecc9&livekey=01WgOR41rriMmMkzNsd0UoaxJRwetZdxIvtVk, From: subscribe, IPv_Type: ipv4, Location: 美国, ISP: CloudFlare节点, Date: None, Delay: 315 ms, Speed: 0.00 M/s, Resolution: 720x576
Name: 广西卫视, URL: https://live.264788.xyz/channel/guangxiweishi?streamid=390c53f028cb41cd02b8456b2b2e1dab&livekey=01WgOR41rriMmMkzNsd0UoaxJRwetZdxIvtVk, From: subscribe, IPv_Type: ipv4, Location: 美国, ISP: CloudFlare节点, Date: None, Delay: 58 ms, Speed: 62.63 M/s, Resolution: None
Name: 广西卫视, URL: https://live.264788.xyz/channel/guangxiweishi?streamid=5a7989dc62848e4049ccd830423d1b71&livekey=01WgOR41rriMmMkzNsd0UoaxJRwetZdxIvtVk, From: subscribe, IPv_Type: ipv4, Location: 美国, ISP: CloudFlare节点, Date: None, Delay: 67 ms, Speed: 59.57 M/s, Resolution: None
Name: 广西卫视, URL: https://live.264788.xyz/channel/guangxiweishi?streamid=a81b4873dad06cc9b37747c2fc479284&livekey=01WgOR41rriMmMkzNsd0UoaxJRwetZdxIvtVk, From: subscribe, IPv_Type: ipv4, Location: 美国, ISP: CloudFlare节点, Date: None, Delay: 60 ms, Speed: 55.63 M/s, Resolution: None
Name: 广西卫视, URL: https://live.264788.xyz/channel/guangxiweishi?streamid=b8d44e8c47f0c0688b1e68b8e2c00b91&livekey=01WgOR41rriMmMkzNsd0UoaxJRwetZdxIvtVk, From: subscribe, IPv_Type: ipv4, Location: 美国, ISP: CloudFlare节点, Date: None, Delay: 80 ms, Speed: 51.08 M/s, Resolution: None
Name: 广西卫视, URL: https://live.264788.xyz/channel/guangxiweishi?streamid=c8e847a8745033edc0153656ddc62c47&livekey=01WgOR41rriMmMkzNsd0UoaxJRwetZdxIvtVk, From: subscribe, IPv_Type: ipv4, Location: 美国, ISP: CloudFlare节点, Date: None, Delay: 307 ms, Speed: 0.00 M/s, Resolution: None
Name: 广西卫视, URL: https://live.264788.xyz/channel/guangxiweishi?streamid=c620467e4de0c1a41b2e213a2d9d4bd1&livekey=01WgOR41rriMmMkzNsd0UoaxJRwetZdxIvtVk, From: subscribe, IPv_Type: ipv4, Location: 美国, ISP: CloudFlare节点, Date: None, Delay: 419 ms, Speed: 0.00 M/s, Resolution: 720x576
Name: 贵州卫视, URL: https://live.264788.xyz/channel/guizhouweishi?streamid=30d96b04c45b2b8bce197c9a7b4077c5&livekey=01WgOR41rriMmMkzNsd0UoaxJRwetZdxIvtVk, From: subscribe, IPv_Type: ipv4, Location: 美国, ISP: CloudFlare节点, Date: None, Delay: 83 ms, Speed: 48.99 M/s, Resolution: 720x576
Name: 贵州卫视, URL: http://207.56.13.146:81/cdnlive/gzws.m3u8, From: subscribe, IPv_Type: ipv4, Location: 美国-科罗拉多州, ISP: NTT(美国)通信公司, Date: None, Delay: 842 ms, Speed: 5.83 M/s, Resolution: 1920x1080
Name: 贵州卫视, URL: https://live.264788.xyz/channel/guizhouweishi?streamid=ad7d35e8babbb1be00f3da3939b21e05&livekey=01WgOR41rriMmMkzNsd0UoaxJRwetZdxIvtVk, From: subscribe, IPv_Type: ipv4, Location: 美国, ISP: CloudFlare节点, Date: None, Delay: 297 ms, Speed: 0.00 M/s, Resolution: None
Name: 贵州卫视, URL: https://live.264788.xyz/channel/guizhouweishi?streamid=01f707f6640e30898178fa804c82efe9&livekey=01WgOR41rriMmMkzNsd0UoaxJRwetZdxIvtVk, From: subscribe, IPv_Type: ipv4, Location: 美国, ISP: CloudFlare节点, Date: None, Delay: 302 ms, Speed: 0.00 M/s, Resolution: 720x576
Name: 海南卫视, URL: https://live.264788.xyz/channel/hainanweishi?streamid=ca8d591103c2814acc3d0a2fb10bdbd6&livekey=01WgOR41rriMmMkzNsd0UoaxJRwetZdxIvtVk, From: subscribe, IPv_Type: ipv4, Location: 美国, ISP: CloudFlare节点, Date: None, Delay: 65 ms, Speed: 56.57 M/s, Resolution: 720x576
Name: 海南卫视, URL: https://live.264788.xyz/channel/hainanweishi?streamid=381740134eacf3b0876961bcef3249e2&livekey=01WgOR41rriMmMkzNsd0UoaxJRwetZdxIvtVk, From: subscribe, IPv_Type: ipv4, Location: 美国, ISP: CloudFlare节点, Date: None, Delay: 285 ms, Speed: 0.00 M/s, Resolution: None
Name: 海南卫视, URL: https://live.264788.xyz/channel/hainanweishi?streamid=22a384055e4a94909e17012c852ac26d&livekey=01WgOR41rriMmMkzNsd0UoaxJRwetZdxIvtVk, From: subscribe, IPv_Type: ipv4, Location: 美国, ISP: CloudFlare节点, Date: None, Delay: 296 ms, Speed: 0.00 M/s, Resolution: None
Name: 河北卫视, URL: https://live.264788.xyz/channel/hebeiweishi?streamid=c623903495968308e1bd87ec273e46d2&livekey=01WgOR41rriMmMkzNsd0UoaxJRwetZdxIvtVk, From: subscribe, IPv_Type: ipv4, Location: 美国, ISP: CloudFlare节点, Date: None, Delay: 136 ms, Speed: 82.83 M/s, Resolution: None
Name: 河北卫视, URL: https://live.264788.xyz/channel/hebeiweishi?streamid=0b408d6040c2d5efd93390d3e7780e5c&livekey=01WgOR41rriMmMkzNsd0UoaxJRwetZdxIvtVk, From: subscribe, IPv_Type: ipv4, Location: 美国, ISP: CloudFlare节点, Date: None, Delay: 64 ms, Speed: 56.77 M/s, Resolution: None
Name: 河北卫视, URL: https://live.264788.xyz/channel/hebeiweishi?streamid=01d478d44fe737acb1a6634cc26dd89c&livekey=01WgOR41rriMmMkzNsd0UoaxJRwetZdxIvtVk, From: subscribe, IPv_Type: ipv4, Location: 美国, ISP: CloudFlare节点, Date: None, Delay: 83 ms, Speed: 45.45 M/s, Resolution: None
Name: 河北卫视, URL: https://live.264788.xyz/channel/hebeiweishi?streamid=3bfa581f7359d7f94abeb5e2c0986f0c&livekey=01WgOR41rriMmMkzNsd0UoaxJRwetZdxIvtVk, From: subscribe, IPv_Type: ipv4, Location: 美国, ISP: CloudFlare节点, Date: None, Delay: 288 ms, Speed: 0.00 M/s, Resolution: None
Name: 河南卫视, URL: http://1.94.31.214/php/hntv.php?id=hnws, From: subscribe, IPv_Type: ipv4, Location: 中国-上海-上海, ISP: 华为云, Date: None, Delay: 15 ms, Speed: 40.13 M/s, Resolution: 1920x1080
Name: 河南卫视, URL: https://live.264788.xyz/channel/henanweishi?streamid=b08cc070cd8613ccaf17654f60883da8&livekey=01WgOR41rriMmMkzNsd0UoaxJRwetZdxIvtVk, From: subscribe, IPv_Type: ipv4, Location: 美国, ISP: CloudFlare节点, Date: None, Delay: 1504 ms, Speed: 27.65 M/s, Resolution: None
Name: 河南卫视, URL: https://live.264788.xyz/channel/henanweishi?streamid=dbf52e1b61eb6d2cc03d3c6ccf8153a8&livekey=01WgOR41rriMmMkzNsd0UoaxJRwetZdxIvtVk, From: subscribe, IPv_Type: ipv4, Location: 美国, ISP: CloudFlare节点, Date: None, Delay: 284 ms, Speed: 0.00 M/s, Resolution: 720x576
Name: 河南卫视, URL: https://live.264788.xyz/channel/henanweishi?streamid=ec01ce8339ea6d74589696a9d4ded9c6&livekey=01WgOR41rriMmMkzNsd0UoaxJRwetZdxIvtVk, From: subscribe, IPv_Type: ipv4, Location: 美国, ISP: CloudFlare节点, Date: None, Delay: 299 ms, Speed: 0.00 M/s, Resolution: None
Name: 吉林卫视, URL: https://live.264788.xyz/channel/jilinweishi?streamid=89b8aec95c4726014687767de658b6b9&livekey=01WgOR41rriMmMkzNsd0UoaxJRwetZdxIvtVk, From: subscribe, IPv_Type: ipv4, Location: 美国, ISP: CloudFlare节点, Date: None, Delay: 69 ms, Speed: 59.21 M/s, Resolution: None
Name: 吉林卫视, URL: http://207.56.13.146:81/cdnlive/jlws.m3u8, From: subscribe, IPv_Type: ipv4, Location: 美国-科罗拉多州, ISP: NTT(美国)通信公司, Date: None, Delay: 1560 ms, Speed: 3.04 M/s, Resolution: 1920x1080
Name: 吉林卫视, URL: https://live.264788.xyz/channel/jilinweishi?streamid=3a5e52dadf63aa29839e641b0a25a563&livekey=01WgOR41rriMmMkzNsd0UoaxJRwetZdxIvtVk, From: subscribe, IPv_Type: ipv4, Location: 美国, ISP: CloudFlare节点, Date: None, Delay: 292 ms, Speed: 0.00 M/s, Resolution: None
Name: 吉林卫视, URL: https://live.264788.xyz/channel/jilinweishi?streamid=a5e656c3fae17a05d1371c0e32cfbc77&livekey=01WgOR41rriMmMkzNsd0UoaxJRwetZdxIvtVk, From: subscribe, IPv_Type: ipv4, Location: 美国, ISP: CloudFlare节点, Date: None, Delay: 593 ms, Speed: 0.00 M/s, Resolution: None
Name: 江西卫视, URL: https://live.264788.xyz/channel/jiangxiweishi?streamid=d954813b7f590cc97b38a2835158d960&livekey=01WgOR41rriMmMkzNsd0UoaxJRwetZdxIvtVk, From: subscribe, IPv_Type: ipv4, Location: 美国, ISP: CloudFlare节点, Date: None, Delay: 114 ms, Speed: 110.05 M/s, Resolution: None
Name: 江西卫视, URL: http://192.151.150.154/live/jxwshd.m3u8, From: subscribe, IPv_Type: ipv4, Location: 美国-密苏里州-杰克逊县, ISP: Datashack公司, Date: None, Delay: 615 ms, Speed: 5.11 M/s, Resolution: 1920x1080
Name: 江西卫视, URL: https://live.264788.xyz/channel/jiangxiweishi?streamid=65a917f4459d3103a6965af98b2a6272&livekey=01WgOR41rriMmMkzNsd0UoaxJRwetZdxIvtVk, From: subscribe, IPv_Type: ipv4, Location: 美国, ISP: CloudFlare节点, Date: None, Delay: 302 ms, Speed: 0.00 M/s, Resolution: 1920x1080
Name: 辽宁卫视, URL: https://live.264788.xyz/channel/liaoningweishi?streamid=8e4bf399048c5b055c39a5d79bff285d&livekey=01WgOR41rriMmMkzNsd0UoaxJRwetZdxIvtVk, From: subscribe, IPv_Type: ipv4, Location: 美国, ISP: CloudFlare节点, Date: None, Delay: 136 ms, Speed: 94.39 M/s, Resolution: 1920x1080
Name: 辽宁卫视, URL: http://207.56.13.146:81/cdnlive/lnws.m3u8, From: subscribe, IPv_Type: ipv4, Location: 美国-科罗拉多州, ISP: NTT(美国)通信公司, Date: None, Delay: 706 ms, Speed: 6.50 M/s, Resolution: 1920x1080
Name: 辽宁卫视, URL: https://live.264788.xyz/channel/liaoningweishi?streamid=a5721d1b827b5abda39797171e2c1a53&livekey=01WgOR41rriMmMkzNsd0UoaxJRwetZdxIvtVk, From: subscribe, IPv_Type: ipv4, Location: 美国, ISP: CloudFlare节点, Date: None, Delay: 303 ms, Speed: 0.00 M/s, Resolution: None
Name: 内蒙古卫视, URL: http://198.204.228.26/live/nmgws.m3u8, From: subscribe, IPv_Type: ipv4, Location: 美国, ISP: , Date: None, Delay: 558 ms, Speed: 7.07 M/s, Resolution: 1920x1080
Name: 内蒙古卫视, URL: http://192.151.150.154/live/nmgws.m3u8, From: subscribe, IPv_Type: ipv4, Location: 美国-密苏里州-杰克逊县, ISP: Datashack公司, Date: None, Delay: 620 ms, Speed: 6.35 M/s, Resolution: 1920x1080
Name: 宁夏卫视, URL: http://198.204.228.26/live/nxws.m3u8, From: subscribe, IPv_Type: ipv4, Location: 美国, ISP: , Date: None, Delay: 587 ms, Speed: 6.95 M/s, Resolution: 1920x1080
Name: 宁夏卫视, URL: http://107.150.60.122/live/nxws.m3u8, From: subscribe, IPv_Type: ipv4, Location: 美国-密苏里州-杰克逊县, ISP: NOCIX数据中心, Date: None, Delay: 376 ms, Speed: 1.78 M/s, Resolution: 1920x1080
Name: 宁夏卫视, URL: https://live.264788.xyz/channel/ningxiaweishi?streamid=c5ab19386a4b4448aafa6d1eb94a4d4c&livekey=01WgOR41rriMmMkzNsd0UoaxJRwetZdxIvtVk, From: subscribe, IPv_Type: ipv4, Location: 美国, ISP: CloudFlare节点, Date: None, Delay: 305 ms, Speed: 0.00 M/s, Resolution: 1920x1080
Name: 青海卫视, URL: http://198.204.228.26/live/qhws.m3u8, From: subscribe, IPv_Type: ipv4, Location: 美国, ISP: , Date: None, Delay: 542 ms, Speed: 5.49 M/s, Resolution: 1920x1080
Name: 青海卫视, URL: http://207.56.13.146:81/cdnlive/qhws.m3u8, From: subscribe, IPv_Type: ipv4, Location: 美国-科罗拉多州, ISP: NTT(美国)通信公司, Date: None, Delay: 680 ms, Speed: 5.21 M/s, Resolution: 1920x1080
Name: 山东卫视, URL: https://live.264788.xyz/channel/shandongweishi?streamid=0c90580e8be097c73a218656168e35e6&livekey=01WgOR41rriMmMkzNsd0UoaxJRwetZdxIvtVk, From: subscribe, IPv_Type: ipv4, Location: 美国, ISP: CloudFlare节点, Date: None, Delay: 133 ms, Speed: 100.58 M/s, Resolution: 1920x1080
Name: 山东卫视, URL: https://live.264788.xyz/channel/shandongweishi?streamid=1920e8715db79dca740ef1828b665c11&livekey=01WgOR41rriMmMkzNsd0UoaxJRwetZdxIvtVk, From: subscribe, IPv_Type: ipv4, Location: 美国, ISP: CloudFlare节点, Date: None, Delay: 66 ms, Speed: 56.09 M/s, Resolution: None
Name: 山东卫视, URL: https://live.264788.xyz/channel/shandongweishi?streamid=ba7fe0219ac4e9bd36a7d3ce5359b3c7&livekey=01WgOR41rriMmMkzNsd0UoaxJRwetZdxIvtVk, From: subscribe, IPv_Type: ipv4, Location: 美国, ISP: CloudFlare节点, Date: None, Delay: 286 ms, Speed: 0.00 M/s, Resolution: None
Name: 山东卫视, URL: https://live.264788.xyz/channel/shandongweishi?streamid=17734718ddd5e6904640c72df1fe5fa8&livekey=01WgOR41rriMmMkzNsd0UoaxJRwetZdxIvtVk, From: subscribe, IPv_Type: ipv4, Location: 美国, ISP: CloudFlare节点, Date: None, Delay: 305 ms, Speed: 0.00 M/s, Resolution: 1920x1080
Name: 山西卫视, URL: https://live.264788.xyz/channel/shanxiweishi?streamid=8b37a515ed8ef12821ad07167563e5e1&livekey=01WgOR41rriMmMkzNsd0UoaxJRwetZdxIvtVk, From: subscribe, IPv_Type: ipv4, Location: 美国, ISP: CloudFlare节点, Date: None, Delay: 1384 ms, Speed: 29.90 M/s, Resolution: None
Name: 陕西卫视, URL: https://live.264788.xyz/channel/shaanxiweishi?streamid=dcafcf65d544d8a7b606c454d3f8ef47&livekey=01WgOR41rriMmMkzNsd0UoaxJRwetZdxIvtVk, From: subscribe, IPv_Type: ipv4, Location: 美国, ISP: CloudFlare节点, Date: None, Delay: 100 ms, Speed: 109.34 M/s, Resolution: 1920x1080
Name: 陕西卫视, URL: http://207.56.13.146:81/cdnlive/snws.m3u8, From: subscribe, IPv_Type: ipv4, Location: 美国-科罗拉多州, ISP: NTT(美国)通信公司, Date: None, Delay: 839 ms, Speed: 5.00 M/s, Resolution: 1920x1080
Name: 四川卫视, URL: https://live.264788.xyz/channel/sichuanweishi?streamid=4faded8e2a86c3d05363a67bec4cca35&livekey=01WgOR41rriMmMkzNsd0UoaxJRwetZdxIvtVk, From: subscribe, IPv_Type: ipv4, Location: 美国, ISP: CloudFlare节点, Date: None, Delay: 85 ms, Speed: 42.75 M/s, Resolution: 720x576
Name: 四川卫视, URL: https://iptv.catvod.com/catvod?id=%E5%9B%9B%E5%B7%9D%E5%8D%AB%E8%A7%86&line=1, From: subscribe, IPv_Type: ipv4, Location: 美国-加利福尼亚州-洛杉矶, ISP: IT7网络, Date: None, Delay: 39 ms, Speed: 15.93 M/s, Resolution: 1920x1080
Name: 四川卫视, URL: https://iptv.catvod.com/catvod?id=%E5%9B%9B%E5%B7%9D%E5%8D%AB%E8%A7%86&line=3, From: subscribe, IPv_Type: ipv4, Location: 美国-加利福尼亚州-洛杉矶, ISP: IT7网络, Date: None, Delay: 45 ms, Speed: 12.59 M/s, Resolution: 1920x1080
Name: 四川卫视, URL: https://iptv.catvod.com/catvod?id=%E5%9B%9B%E5%B7%9D%E5%8D%AB%E8%A7%86&line=2, From: subscribe, IPv_Type: ipv4, Location: 美国-加利福尼亚州-洛杉矶, ISP: IT7网络, Date: None, Delay: 42 ms, Speed: 12.23 M/s, Resolution: 1920x1080
Name: 四川卫视, URL: http://207.56.13.146:81/cdnlive/scws.m3u8, From: subscribe, IPv_Type: ipv4, Location: 美国-科罗拉多州, ISP: NTT(美国)通信公司, Date: None, Delay: 665 ms, Speed: 5.23 M/s, Resolution: 1920x1080
Name: 四川卫视, URL: https://live.264788.xyz/channel/sichuanweishi?streamid=db19730d20622f8801f0b4e9ece132ac&livekey=01WgOR41rriMmMkzNsd0UoaxJRwetZdxIvtVk, From: subscribe, IPv_Type: ipv4, Location: 美国, ISP: CloudFlare节点, Date: None, Delay: 297 ms, Speed: 0.00 M/s, Resolution: 1920x1080
Name: 四川卫视, URL: https://live.264788.xyz/channel/sichuanweishi?streamid=ee4e9252618099b2505fd3875394a5ba&livekey=01WgOR41rriMmMkzNsd0UoaxJRwetZdxIvtVk, From: subscribe, IPv_Type: ipv4, Location: 美国, ISP: CloudFlare节点, Date: None, Delay: 304 ms, Speed: 0.00 M/s, Resolution: None
Name: 深圳卫视, URL: http://192.151.150.154/live/szwshd.m3u8, From: subscribe, IPv_Type: ipv4, Location: 美国-密苏里州-杰克逊县, ISP: Datashack公司, Date: None, Delay: 1155 ms, Speed: 4.40 M/s, Resolution: 1920x1080
Name: 深圳卫视, URL: https://live.264788.xyz/channel/shenzhenweishi?streamid=2715678e4b53f93415f1b63d802c342c&livekey=01WgOR41rriMmMkzNsd0UoaxJRwetZdxIvtVk, From: subscribe, IPv_Type: ipv4, Location: 美国, ISP: CloudFlare节点, Date: None, Delay: 318 ms, Speed: 0.00 M/s, Resolution: 720x576
Name: 三沙卫视, URL: https://live.264788.xyz/channel/sanshaweishi?streamid=3736894cc57bd68f5caf8e9554df851f&livekey=01WgOR41rriMmMkzNsd0UoaxJRwetZdxIvtVk, From: subscribe, IPv_Type: ipv4, Location: 美国, ISP: CloudFlare节点, Date: None, Delay: 305 ms, Speed: 0.00 M/s, Resolution: 720x576
Name: 天津卫视, URL: https://live.264788.xyz/channel/tianjinweishi?streamid=6419ff8c5c01de32a2b322b551236f41&livekey=01WgOR41rriMmMkzNsd0UoaxJRwetZdxIvtVk, From: subscribe, IPv_Type: ipv4, Location: 美国, ISP: CloudFlare节点, Date: None, Delay: 119 ms, Speed: 116.63 M/s, Resolution: 1920x1080
Name: 天津卫视, URL: https://live.264788.xyz/channel/tianjinweishi?streamid=d30a60392735d9a6ff2b72630d81c5d6&livekey=01WgOR41rriMmMkzNsd0UoaxJRwetZdxIvtVk, From: subscribe, IPv_Type: ipv4, Location: 美国, ISP: CloudFlare节点, Date: None, Delay: 302 ms, Speed: 0.00 M/s, Resolution: 1920x1080
Name: 天津卫视, URL: https://live.264788.xyz/channel/tianjinweishi?streamid=6cb7a48d729b22a36431f8ed1036f3c8&livekey=01WgOR41rriMmMkzNsd0UoaxJRwetZdxIvtVk, From: subscribe, IPv_Type: ipv4, Location: 美国, ISP: CloudFlare节点, Date: None, Delay: 1035 ms, Speed: 0.00 M/s, Resolution: None
Name: 西藏卫视, URL: https://live.264788.xyz/channel/xizangweishi?streamid=4b4e8ea919f1cfd5e43deed1d1675251&livekey=01WgOR41rriMmMkzNsd0UoaxJRwetZdxIvtVk, From: subscribe, IPv_Type: ipv4, Location: 美国, ISP: CloudFlare节点, Date: None, Delay: 105 ms, Speed: 119.56 M/s, Resolution: None
Name: 西藏卫视, URL: https://live.264788.xyz/channel/xizangweishi?streamid=5778b7e6b4f5160657a4cb830a36f20b&livekey=01WgOR41rriMmMkzNsd0UoaxJRwetZdxIvtVk, From: subscribe, IPv_Type: ipv4, Location: 美国, ISP: CloudFlare节点, Date: None, Delay: 121 ms, Speed: 110.07 M/s, Resolution: None
Name: 西藏卫视, URL: https://live.264788.xyz/channel/xizangweishi?streamid=cfb7b8b8dcaf7ff92d4c1476cf321ba7&livekey=01WgOR41rriMmMkzNsd0UoaxJRwetZdxIvtVk, From: subscribe, IPv_Type: ipv4, Location: 美国, ISP: CloudFlare节点, Date: None, Delay: 284 ms, Speed: 0.00 M/s, Resolution: None
Name: 西藏卫视, URL: https://live.264788.xyz/channel/xizangweishi?streamid=62a6f5ee28b2dd4136c1c992fe232abf&livekey=01WgOR41rriMmMkzNsd0UoaxJRwetZdxIvtVk, From: subscribe, IPv_Type: ipv4, Location: 美国, ISP: CloudFlare节点, Date: None, Delay: 299 ms, Speed: 0.00 M/s, Resolution: None
Name: 新疆卫视, URL: https://live.264788.xyz/channel/xinjiangweishi?streamid=4f481f56ae39ce5d24203471de9df635&livekey=01WgOR41rriMmMkzNsd0UoaxJRwetZdxIvtVk, From: subscribe, IPv_Type: ipv4, Location: 美国, ISP: CloudFlare节点, Date: None, Delay: 123 ms, Speed: 116.19 M/s, Resolution: None
Name: 新疆卫视, URL: http://218.84.12.186:8001/hls/main/playlist.m3u8?zxinjd;http://218.84.12.186:8001/hls/main/playlist.m3u8zxinjd, From: subscribe, IPv_Type: ipv4, Location: 中国-新疆-伊犁哈萨克自治州, ISP: 电信, Date: None, Delay: 4112 ms, Speed: 0.31 M/s, Resolution: 1920x1080
Name: 新疆卫视, URL: https://live.264788.xyz/channel/xinjiangweishi?streamid=342945bcfa42b0c38e26f3dbe372a06a&livekey=01WgOR41rriMmMkzNsd0UoaxJRwetZdxIvtVk, From: subscribe, IPv_Type: ipv4, Location: 美国, ISP: CloudFlare节点, Date: None, Delay: 307 ms, Speed: 0.00 M/s, Resolution: 1920x1080
Name: 云南卫视, URL: https://live.264788.xyz/channel/yunnanweishi?streamid=22491d4d9e9620540ee58218ee249b35&livekey=01WgOR41rriMmMkzNsd0UoaxJRwetZdxIvtVk, From: subscribe, IPv_Type: ipv4, Location: 美国, ISP: CloudFlare节点, Date: None, Delay: 254 ms, Speed: 86.42 M/s, Resolution: None
Name: 云南卫视, URL: https://live.264788.xyz/channel/yunnanweishi?streamid=fe7f665eb83ec0b1eebd4120b1a74d77&livekey=01WgOR41rriMmMkzNsd0UoaxJRwetZdxIvtVk, From: subscribe, IPv_Type: ipv4, Location: 美国, ISP: CloudFlare节点, Date: None, Delay: 61 ms, Speed: 61.58 M/s, Resolution: None
Name: 云南卫视, URL: http://192.151.150.154/live/ynwshd.m3u8, From: subscribe, IPv_Type: ipv4, Location: 美国-密苏里州-杰克逊县, ISP: Datashack公司, Date: None, Delay: 639 ms, Speed: 6.71 M/s, Resolution: 1920x1080
Name: 云南卫视, URL: http://63.141.230.178:82/gslb/zbdq5.m3u8?id=ynwshd, From: subscribe, IPv_Type: ipv4, Location: 美国, ISP: , Date: None, Delay: 641 ms, Speed: 6.58 M/s, Resolution: 1920x1080
Name: 云南卫视, URL: http://207.56.13.146:81/cdnlive/ynws.m3u8, From: subscribe, IPv_Type: ipv4, Location: 美国-科罗拉多州, ISP: NTT(美国)通信公司, Date: None, Delay: 382 ms, Speed: 1.93 M/s, Resolution: 1920x1080
Name: 云南卫视, URL: https://live.264788.xyz/channel/yunnanweishi?streamid=3ab1c660ac3a19f6884caf24c8d97390&livekey=01WgOR41rriMmMkzNsd0UoaxJRwetZdxIvtVk, From: subscribe, IPv_Type: ipv4, Location: 美国, ISP: CloudFlare节点, Date: None, Delay: 292 ms, Speed: 0.00 M/s, Resolution: None
Name: 云南卫视, URL: https://live.264788.xyz/channel/yunnanweishi?streamid=57f7256aeb9a8d4606f5b4cf7b5aeb13&livekey=01WgOR41rriMmMkzNsd0UoaxJRwetZdxIvtVk, From: subscribe, IPv_Type: ipv4, Location: 美国, ISP: CloudFlare节点, Date: None, Delay: 293 ms, Speed: 0.00 M/s, Resolution: 720x576
Name: 云南卫视, URL: https://live.264788.xyz/channel/yunnanweishi?streamid=6d5d2634644cc4e0928f4afdca9dc4fe&livekey=01WgOR41rriMmMkzNsd0UoaxJRwetZdxIvtVk, From: subscribe, IPv_Type: ipv4, Location: 美国, ISP: CloudFlare节点, Date: None, Delay: 301 ms, Speed: 0.00 M/s, Resolution: None
Name: 云南卫视, URL: https://live.264788.xyz/channel/yunnanweishi?streamid=be30746d3aa0bb76eb69103606a6b26b&livekey=01WgOR41rriMmMkzNsd0UoaxJRwetZdxIvtVk, From: subscribe, IPv_Type: ipv4, Location: 美国, ISP: CloudFlare节点, Date: None, Delay: 774 ms, Speed: 0.00 M/s, Resolution: None
Name: 大湾区卫视, URL: https://iptv.catvod.com/live.php?id=%E5%A4%A7%E6%B9%BE%E5%8C%BA%E5%8D%AB%E8%A7%86&line=3, From: subscribe, IPv_Type: ipv4, Location: 美国-加利福尼亚州-洛杉矶, ISP: IT7网络, Date: None, Delay: 31 ms, Speed: 17.05 M/s, Resolution: 1920x1080
Name: 大湾区卫视, URL: https://iptv.catvod.com/live.php?id=%E5%A4%A7%E6%B9%BE%E5%8C%BA%E5%8D%AB%E8%A7%86&line=2, From: subscribe, IPv_Type: ipv4, Location: 美国-加利福尼亚州-洛杉矶, ISP: IT7网络, Date: None, Delay: 32 ms, Speed: 16.69 M/s, Resolution: 1920x1080
Name: 浙江钱江, URL: https://ali-m-l.cztv.com/channels/lantian/channel002/1080p.m3u8\r\n, From: subscribe, IPv_Type: ipv4, Location: 中国-陕西, ISP: 移动, Date: None, Delay: 2253 ms, Speed: 0.77 M/s, Resolution: 1920x1080
Name: 浙江钱江, URL: https://ali-m-l.cztv.com/channels/lantian/channel002/1080p.m3u8, From: subscribe, IPv_Type: ipv4, Location: 中国-陕西, ISP: 移动, Date: None, Delay: 2334 ms, Speed: 0.76 M/s, Resolution: 1920x1080
Name: 浙江生活, URL: http://ali-m-l.cztv.com/channels/lantian/channel003/1080p.m3u8, From: subscribe, IPv_Type: ipv4, Location: 中国-陕西, ISP: 移动, Date: None, Delay: 2177 ms, Speed: 0.88 M/s, Resolution: 1920x1080
Name: 浙江生活, URL: https://ali-m-l.cztv.com/channels/lantian/channel003/1080p.m3u8?, From: subscribe, IPv_Type: ipv4, Location: 中国-陕西, ISP: 移动, Date: None, Delay: 2390 ms, Speed: 0.83 M/s, Resolution: 1920x1080
Name: 浙江经济生活, URL: https://ali-m-l.cztv.com/channels/lantian/channel003/1080p.m3u8, From: subscribe, IPv_Type: ipv6, Location: 中国-广西-防城港, ISP: 电信, Date: None, Delay: 2366 ms, Speed: 0.84 M/s, Resolution: 1920x1080
Name: 浙江教育, URL: https://ali-m-l.cztv.com/channels/lantian/channel004/1080p.m3u8?, From: subscribe, IPv_Type: ipv4, Location: 中国-上海-上海, ISP: 电信, Date: None, Delay: 2330 ms, Speed: 0.81 M/s, Resolution: 1920x1080
Name: 浙江教育, URL: http://ali-m-l.cztv.com/channels/lantian/channel04/720p.m3u8, From: subscribe, IPv_Type: ipv6, Location: 中国-广西-防城港, ISP: 电信, Date: None, Delay: 1888 ms, Speed: 0.51 M/s, Resolution: 1920x1080
Name: 浙江民生, URL: http://ali-m-l.cztv.com/channels/lantian/channel06/1080p.m3u8, From: subscribe, IPv_Type: ipv4, Location: 中国-上海-上海, ISP: 电信, Date: None, Delay: 2296 ms, Speed: 1.00 M/s, Resolution: 1920x1080
Name: 浙江民生, URL: https://ali-m-l.cztv.com/channels/lantian/channel006/1080p.m3u8?, From: subscribe, IPv_Type: ipv4, Location: 中国-上海-上海, ISP: 电信, Date: None, Delay: 2370 ms, Speed: 0.87 M/s, Resolution: 1920x1080
Name: 浙江民生, URL: http://ali-m-l.cztv.com/channels/lantian/channel006/1080p.m3u8, From: subscribe, IPv_Type: ipv4, Location: 中国-陕西, ISP: 移动, Date: None, Delay: 2158 ms, Speed: 0.87 M/s, Resolution: 1920x1080
Name: 浙江民生, URL: https://ali-m-l.cztv.com/channels/lantian/channel006/1080p.m3u8, From: subscribe, IPv_Type: ipv6, Location: 中国-广西-防城港, ISP: 电信, Date: None, Delay: 2381 ms, Speed: 0.83 M/s, Resolution: 1920x1080
Name: 浙江新闻, URL: https://ali-m-l.cztv.com/channels/lantian/channel07/1080p.m3u8, From: subscribe, IPv_Type: ipv4, Location: 中国-陕西, ISP: 移动, Date: None, Delay: 2773 ms, Speed: 1.19 M/s, Resolution: 1920x1080
Name: 浙江新闻, URL: https://ali-m-l.cztv.com/channels/lantian/channel007/1080p.m3u8, From: subscribe, IPv_Type: ipv4, Location: 中国-陕西, ISP: 移动, Date: None, Delay: 2168 ms, Speed: 0.78 M/s, Resolution: 1920x1080
Name: 浙江教科, URL: http://ali-m-l.cztv.com/channels/lantian/channel004/1080p.m3u8, From: subscribe, IPv_Type: ipv4, Location: 中国-陕西, ISP: 移动, Date: None, Delay: 2109 ms, Speed: 0.83 M/s, Resolution: 1920x1080
Name: 浙江教科, URL: https://ali-m-l.cztv.com/channels/lantian/channel004/1080p.m3u8, From: subscribe, IPv_Type: ipv6, Location: 中国-广西-防城港, ISP: 电信, Date: None, Delay: 2352 ms, Speed: 0.77 M/s, Resolution: 1920x1080
Name: 之江纪录, URL: http://ali-m-l.cztv.com/channels/lantian/channel12/1080p.m3u8, From: subscribe, IPv_Type: ipv6, Location: 中国-广西-防城港, ISP: 电信, Date: None, Delay: 2854 ms, Speed: 2.17 M/s, Resolution: 1920x1080
Name: 之江纪录, URL: https://ali-m-l.cztv.com/channels/lantian/channel12/720p.m3u8, From: subscribe, IPv_Type: ipv6, Location: 中国-广西-防城港, ISP: 电信, Date: None, Delay: 2343 ms, Speed: 0.96 M/s, Resolution: 1920x1080
Name: 之江纪录, URL: http://ali-m-l.cztv.com/channels/lantian/channel012/1080p.m3u8, From: subscribe, IPv_Type: ipv4, Location: 中国-陕西, ISP: 移动, Date: None, Delay: 2103 ms, Speed: 0.81 M/s, Resolution: 1920x1080
Name: 之江纪录, URL: https://ali-m-l.cztv.com/channels/lantian/channel012/1080p.m3u8, From: subscribe, IPv_Type: ipv4, Location: 中国-上海-上海, ISP: 电信, Date: None, Delay: 2276 ms, Speed: 0.77 M/s, Resolution: 1920x1080
Name: 嘉兴新闻综合, URL: http://live.zohi.tv/video/s10001-fztv-1/index.m3u8, From: subscribe, IPv_Type: ipv6, Location: 中国, ISP: 中国电信, Date: None, Delay: 1487 ms, Speed: 0.22 M/s, Resolution: 1920x1080
Name: 湖州新闻综合, URL: http://hzcm-live.media.hugd.com/3f5fa7d64c7c46a38c6bd8ad35e836cc/65128273761b4731ae53729ea6dcf932.m3u8?auth_key=2277598215-9d21c15111244bea8d298c361d31a72e-0-d031198f58d44b0e91ba2e3f3b188865&amp;fbl=, From: subscribe, IPv_Type: ipv4, Location: 中国-上海-上海, ISP: 电信, Date: None, Delay: 1558 ms, Speed: 0.23 M/s, Resolution: 1280x720
Name: 湖州新闻综合, URL: http://hzcm-live.media.hugd.com/3f5fa7d64c7c46a38c6bd8ad35e836cc/65128273761b4731ae53729ea6dcf932.m3u8?auth_key=2277598215-9d21c15111244bea8d298c361d31a72e-0-d031198f58d44b0e91ba2e3f3b188865&fbl=, From: subscribe, IPv_Type: ipv4, Location: 中国-上海-上海, ISP: 电信, Date: None, Delay: 1491 ms, Speed: 0.23 M/s, Resolution: 1280x720
Name: 湖州新闻综合, URL: http://hzcm-live.media.hugd.com/3f5fa7d64c7c46a38c6bd8ad35e836cc/65128273761b4731ae53729ea6dcf932.m3u8?auth_key=2277598215-9d21c15111244bea8d298c361d31a72e-0-d031198f58d44b0e91ba2e3f3b188865, From: subscribe, IPv_Type: ipv4, Location: 中国-上海-上海, ISP: 电信, Date: None, Delay: 1672 ms, Speed: 0.22 M/s, Resolution: 1280x720
Name: 湖州新闻综合, URL: https://hzcm-live.media.hugd.com/3f5fa7d64c7c46a38c6bd8ad35e836cc/65128273761b4731ae53729ea6dcf932.m3u8?auth_key=2277598215-9d21c15111244bea8d298c361d31a72e-0-d031198f58d44b0e91ba2e3f3b188865, From: subscribe, IPv_Type: ipv4, Location: 中国-上海-上海, ISP: 电信, Date: None, Delay: 3329 ms, Speed: 0.14 M/s, Resolution: 1280x720
Name: 湖州文化娱乐, URL: http://hzcm-live.media.hugd.com/613c47f0ab0d4eaa98b21378d0db6ded/0051d31c9dd543a7825eea4e49675b2a.m3u8?auth_key=2277598059-0a5ebfa1c0dc4671b42a60810fc37039-0-fa625b7d1feab612062453c12e3c8887&fbl=, From: subscribe, IPv_Type: ipv4, Location: 中国-上海-上海, ISP: 电信, Date: None, Delay: 1374 ms, Speed: 0.16 M/s, Resolution: 1280x720
Name: 湖州文化娱乐, URL: http://hzcm-live.media.hugd.com/613c47f0ab0d4eaa98b21378d0db6ded/0051d31c9dd543a7825eea4e49675b2a.m3u8?auth_key=2277598059-0a5ebfa1c0dc4671b42a60810fc37039-0-fa625b7d1feab612062453c12e3c8887, From: subscribe, IPv_Type: ipv4, Location: 中国-上海-上海, ISP: 电信, Date: None, Delay: 1900 ms, Speed: 0.13 M/s, Resolution: 1280x720
Name: 湖州文化娱乐, URL: https://hzcm-live.media.hugd.com/613c47f0ab0d4eaa98b21378d0db6ded/0051d31c9dd543a7825eea4e49675b2a.m3u8?auth_key=2277598059-0a5ebfa1c0dc4671b42a60810fc37039-0-fa625b7d1feab612062453c12e3c8887, From: subscribe, IPv_Type: ipv4, Location: 中国-上海-上海, ISP: 电信, Date: None, Delay: 2438 ms, Speed: 0.09 M/s, Resolution: 1280x720
Name: 浙江留学, URL: https://ali-m-l.cztv.com/channels/lantian/channel009/1080p.m3u8, From: subscribe, IPv_Type: ipv6, Location: 中国-广西-防城港, ISP: 电信, Date: None, Delay: 1432 ms, Speed: 0.26 M/s, Resolution: 1920x1080
Name: 浙江休闲台, URL: http://ali-m-l.cztv.com/channels/lantian/channel006/720p.m3u8, From: subscribe, IPv_Type: ipv6, Location: 中国-广西-防城港, ISP: 电信, Date: None, Delay: 1989 ms, Speed: 0.73 M/s, Resolution: 1920x1080
Name: 浙江遂昌, URL: http://l.cztvcloud.com/channels/lantian/SXsuichang1/720p.m3u8, From: subscribe, IPv_Type: ipv4, Location: 中国-江苏-南通, ISP: 电信, Date: None, Delay: 1946 ms, Speed: 0.44 M/s, Resolution: 1920x1080
Name: 浙江遂昌, URL: http://play-sh13.quklive.com/live/1708426592499070.m3u8?auth_key=2028414342-e92bda8423ad478c987a8b7ae82abe0e-0-c616f7fabb9675e1ed1d84d9edae7e07, From: subscribe, IPv_Type: ipv4, Location: 美国, ISP: 阿里云, Date: None, Delay: 2672 ms, Speed: 0.38 M/s, Resolution: 1920x1080
Name: 诸暨新闻综合, URL: https://l.cztvcloud.com/channels/lantian/SXzhuji3/720p.m3u8, From: subscribe, IPv_Type: ipv6, Location: 中国-江苏-常州, ISP: 电信, Date: None, Delay: 3614 ms, Speed: 0.96 M/s, Resolution: 1920x1080
Name: 龙游生活娱乐, URL: http://l.cztvcloud.com/channels/lantian/SXlongyou2/720p.m3u8, From: subscribe, IPv_Type: ipv6, Location: 中国-江苏-常州, ISP: 电信, Date: None, Delay: 2712 ms, Speed: 0.86 M/s, Resolution: 1920x1080
Name: 龙游生活娱乐, URL: https://l.cztvcloud.com/channels/lantian/SXlongyou2/720p.m3u8, From: subscribe, IPv_Type: ipv6, Location: 中国-江苏-常州, ISP: 电信, Date: None, Delay: 2854 ms, Speed: 0.82 M/s, Resolution: 1920x1080
Name: 龙游生活娱乐, URL: http://l.cztvcloud.com/channels/lantian/SXlongyou2/720p.m3u8?zzhed, From: subscribe, IPv_Type: ipv4, Location: 中国-上海-上海, ISP: 电信, Date: None, Delay: 4068 ms, Speed: 0.66 M/s, Resolution: 1280x720
Name: 龙游新闻综合, URL: https://l.cztvcloud.com/channels/lantian/SXlongyou1/720p.m3u8, From: subscribe, IPv_Type: ipv6, Location: 中国-江苏-常州, ISP: 电信, Date: None, Delay: 4655 ms, Speed: 0.47 M/s, Resolution: 1920x1080
Name: 龙泉新闻综合, URL: http://l.cztvcloud.com/channels/lantian/SXlongquan1/720p.m3u8?zzhed,, From: subscribe, IPv_Type: ipv4, Location: 中国-上海-上海, ISP: 电信, Date: None, Delay: 2456 ms, Speed: 0.66 M/s, Resolution: 1920x1080
Name: 龙泉新闻综合, URL: http://l.cztvcloud.com/channels/lantian/SXlongquan1/720p.m3u8?zzhed&quot;, From: subscribe, IPv_Type: ipv4, Location: 中国-上海-上海, ISP: 电信, Date: None, Delay: 2898 ms, Speed: 0.59 M/s, Resolution: 1920x1080
Name: 龙泉新闻综合, URL: http://l.cztvcloud.com/channels/lantian/SXlongquan1/720p.m3u8, From: subscribe, IPv_Type: ipv6, Location: 中国-江苏-常州, ISP: 电信, Date: None, Delay: 3363 ms, Speed: 0.52 M/s, Resolution: 1920x1080
Name: 青田电视台, URL: http://l.cztvcloud.com/channels/lantian/SXqingtian1/720p.m3u8, From: subscribe, IPv_Type: ipv6, Location: 中国-江苏-常州, ISP: 电信, Date: None, Delay: 2288 ms, Speed: 0.47 M/s, Resolution: 1920x1080
Name: 象山综合, URL: http://play-sh13.quklive.com/live/1702360350551252.m3u8?auth_key=2037107484-800189c57a5a44d3b823b60cf84f6756-0-a6f6828a62d5c167cff5e68735fa0d39, From: subscribe, IPv_Type: ipv4, Location: 美国-加利福尼亚州-圣克拉拉, ISP: AMD公司, Date: None, Delay: 581 ms, Speed: 2.18 M/s, Resolution: 1920x1080
Name: 衢江新闻综合, URL: http://l.cztvcloud.com/channels/lantian/SXqujiang1/720p.m3u8?zzhed;http://l.cztvcloud.com/channels/lantian/SXqujiang1/720p.m3u8zzhed;http://l.cztvcloud.com/channels/lantian/SXqujiang1/720p.m3u8, From: subscribe, IPv_Type: ipv4, Location: 中国-上海-上海, ISP: 电信, Date: None, Delay: 3533 ms, Speed: 1.01 M/s, Resolution: 1920x1080
Name: 衢江新闻综合, URL: http://l.cztvcloud.com/channels/lantian/SXqujiang1/720p.m3u8?zzhed, From: subscribe, IPv_Type: ipv6, Location: 中国-江苏-常州, ISP: 电信, Date: None, Delay: 3835 ms, Speed: 0.99 M/s, Resolution: 1920x1080
Name: 萧山生活, URL: http://l.cztvcloud.com/channels/lantian/SXxiaoshan2/720p.m3u8?zzhed, From: subscribe, IPv_Type: ipv6, Location: 中国-江苏-常州, ISP: 电信, Date: None, Delay: 3111 ms, Speed: 0.87 M/s, Resolution: 1920x1080
Name: 萧山生活, URL: http://l.cztvcloud.com/channels/lantian/SXxiaoshan2/720p.m3u8?zzhed?, From: subscribe, IPv_Type: ipv4, Location: 中国-上海-上海, ISP: 电信, Date: None, Delay: 3867 ms, Speed: 0.78 M/s, Resolution: 1280x720
Name: 萧山生活, URL: https://l.cztvcloud.com/channels/lantian/SXxiaoshan2/720p.m3u8, From: subscribe, IPv_Type: ipv6, Location: 中国-江苏-常州, ISP: 电信, Date: None, Delay: 4029 ms, Speed: 0.75 M/s, Resolution: 1920x1080
Name: 萧山生活, URL: http://l.cztvcloud.com/channels/lantian/SXxiaoshan2/720p.m3u8, From: subscribe, IPv_Type: ipv6, Location: 中国, ISP: 中国电信, Date: None, Delay: 4946 ms, Speed: 0.68 M/s, Resolution: 1280x720
Name: 萧山新闻综合, URL: https://l.cztvcloud.com/channels/lantian/SXxiaoshan1/720p.m3u8, From: subscribe, IPv_Type: ipv6, Location: 中国-江苏-常州, ISP: 电信, Date: None, Delay: 4209 ms, Speed: 0.81 M/s, Resolution: 1920x1080
Name: 缙云综合, URL: http://l.cztvcloud.com/channels/lantian/SXjinyun1/720p.m3u8?zzhed, From: subscribe, IPv_Type: ipv6, Location: 中国-江苏-常州, ISP: 电信, Date: None, Delay: 2328 ms, Speed: 0.70 M/s, Resolution: 1920x1080
Name: 缙云综合, URL: http://l.cztvcloud.com/channels/lantian/SXjinyun1/720p.m3u8?zzhed&quot;, From: subscribe, IPv_Type: ipv4, Location: 中国-上海-上海, ISP: 电信, Date: None, Delay: 2453 ms, Speed: 0.66 M/s, Resolution: 1280x720
Name: 缙云综合, URL: http://l.cztvcloud.com/channels/lantian/SXjinyun1/720p.m3u8?zzhed?, From: subscribe, IPv_Type: ipv4, Location: 中国-上海-上海, ISP: 电信, Date: None, Delay: 2548 ms, Speed: 0.62 M/s, Resolution: 1280x720
Name: 缙云新闻综合, URL: http://l.cztvcloud.com/channels/lantian/SXjinyun1/720p.m3u8, From: subscribe, IPv_Type: ipv6, Location: 中国-江苏-常州, ISP: 电信, Date: None, Delay: 3292 ms, Speed: 0.55 M/s, Resolution: 1920x1080
Name: 缙云新闻综合, URL: http://l.cztvcloud.com/channels/lantian/SXjinyun1/720p.m3u8?fbl=, From: subscribe, IPv_Type: ipv4, Location: 中国-上海-上海, ISP: 电信, Date: None, Delay: 3243 ms, Speed: 0.52 M/s, Resolution: 1280x720
Name: 绍兴电视台公共, URL: http://live.shaoxing.com.cn/video/s10001-sxtv2/index.m3u8?%E5%85%B3%E6%B3%A8%E5%BE%AE%E4%BF%A1%E5%85%AC%E4%BC%97%E5%8F%B7[%E6%99%B4%E5%9B%AD], From: subscribe, IPv_Type: ipv4, Location: 中国-浙江-绍兴, ISP: 电信, Date: None, Delay: 8594 ms, Speed: 0.09 M/s, Resolution: 1280x720
Name: 绍兴新闻综合, URL: http://live.shaoxing.com.cn/video/s10001-sxhb/index.m3u8, From: subscribe, IPv_Type: ipv4, Location: 中国-浙江-绍兴, ISP: 电信, Date: None, Delay: 7566 ms, Speed: 0.10 M/s, Resolution: 1280x720
Name: 绍兴新闻综合, URL: http://live.shaoxing.com.cn/video/s10001-sxhb/index.m3u8?zzhed#http://live.shaoxing.com.cn/video/s10001-sxhb/index.m3u8#http://live.shaoxing.com.cn/video/s10001-sxtv1/index.m3u8?zzhed#http://live.shaoxing.com.cn/video/s10001-sxtv1/index.m3u8, From: subscribe, IPv_Type: ipv4, Location: 中国-浙江-绍兴, ISP: 电信, Date: None, Delay: 7840 ms, Speed: 0.10 M/s, Resolution: 1280x720
Name: 绍兴新闻综合, URL: http://live.shaoxing.com.cn/video/s10001-sxtv1/index.m3u8, From: subscribe, IPv_Type: ipv4, Location: 中国-浙江-绍兴, ISP: 电信, Date: None, Delay: 6994 ms, Speed: 0.10 M/s, Resolution: 720x576
Name: 绍兴新闻综合, URL: http://live.shaoxing.com.cn/video/s10001-sxhb/index.m3u8?zzhed, From: subscribe, IPv_Type: ipv4, Location: 中国-浙江-绍兴, ISP: 电信, Date: None, Delay: 8273 ms, Speed: 0.10 M/s, Resolution: 1280x720
Name: 绍兴新闻综合, URL: http://live.shaoxing.com.cn/video/s10001-sxtv1/index.m3u8?zzhed, From: subscribe, IPv_Type: ipv4, Location: 中国-浙江-绍兴, ISP: 电信, Date: None, Delay: 10001 ms, Speed: 0.09 M/s, Resolution: 720x576
Name: 绍兴文化影院, URL: http://live.shaoxing.com.cn/video/s10001-sxtv3/index.m3u8?zzhed#http://live.shaoxing.com.cn/video/s10001-sxtv3/index.m3u8, From: subscribe, IPv_Type: ipv4, Location: 中国-浙江-绍兴, ISP: 电信, Date: None, Delay: 8841 ms, Speed: 0.09 M/s, Resolution: 1280x720
Name: 绍兴文化影院, URL: http://live.shaoxing.com.cn/video/s10001-sxtv3/index.m3u8, From: subscribe, IPv_Type: ipv4, Location: 中国-浙江-绍兴, ISP: 电信, Date: None, Delay: 10442 ms, Speed: 0.09 M/s, Resolution: 1280x720
Name: 绍兴文化影院, URL: http://live.shaoxing.com.cn/video/s10001-sxtv3/index.m3u8?zzhed, From: subscribe, IPv_Type: ipv4, Location: 中国-浙江-绍兴, ISP: 电信, Date: None, Delay: 8699 ms, Speed: 0.09 M/s, Resolution: 1280x720
Name: 湖州公共民生, URL: http://hzcm-live.media.hugd.com/1e6b554b9ab74513958c0e1ffe664d22/9acaa7634309494cb29a85eb12136607.m3u8?auth_key=2272900830-9a2389b8bf4e49d580d4ad807423d326-0-ea78a5c7a678c436263582d368f5009e, From: subscribe, IPv_Type: ipv4, Location: 中国-上海-上海, ISP: 电信, Date: None, Delay: 2041 ms, Speed: 0.18 M/s, Resolution: 1280x720
Name: 海宁新闻综合, URL: https://p2hs.vzan.com/slowlive/317913155078575177/live.m3u8, From: subscribe, IPv_Type: ipv4, Location: 中国-广东-东莞, ISP: 鹏博士BGP, Date: None, Delay: 430 ms, Speed: 1.05 M/s, Resolution: 1280x720
Name: 海宁新闻综合, URL: https://p2hs.vzan.com/slowlive/317913155078575177/live.m3u8?zbid=293304&tpid=1708007815, From: subscribe, IPv_Type: ipv4, Location: 中国-河北-石家庄, ISP: 鹏博士宽带, Date: None, Delay: 860 ms, Speed: 0.80 M/s, Resolution: 1280x720
Name: 海宁新闻综合, URL: http://p2hs.vzan.com/slowlive/317913155078575177/live.m3u8, From: subscribe, IPv_Type: ipv4, Location: 中国-广东-东莞, ISP: 鹏博士BGP, Date: None, Delay: 511 ms, Speed: 0.80 M/s, Resolution: 1280x720
Name: 洞头综合, URL: http://l.cztvcloud.com/channels/lantian/SXdongtou1/720p.m3u8?zzhed?, From: subscribe, IPv_Type: ipv4, Location: 中国-上海-上海, ISP: 电信, Date: None, Delay: 2525 ms, Speed: 0.73 M/s, Resolution: 720x540
Name: 洞头综合, URL: http://l.cztvcloud.com/channels/lantian/SXdongtou1/720p.m3u8?%E5%85%B3%E6%B3%A8%E5%BE%AE%E4%BF%A1%E5%85%AC%E4%BC%97%E5%8F%B7[%E6%99%B4%E5%9B%AD], From: subscribe, IPv_Type: ipv4, Location: 中国-上海-上海, ISP: 电信, Date: None, Delay: 2555 ms, Speed: 0.70 M/s, Resolution: 720x540
Name: 洞头综合, URL: http://l.cztvcloud.com/channels/lantian/SXdongtou1/720p.m3u8, From: subscribe, IPv_Type: ipv6, Location: 中国-江苏-常州, ISP: 电信, Date: None, Delay: 2647 ms, Speed: 0.69 M/s, Resolution: 1920x1080
Name: 洞头综合, URL: http://l.cztvcloud.com/channels/lantian/SXdongtou1/720p.m3u8?zzhed, From: subscribe, IPv_Type: ipv4, Location: 中国-上海-上海, ISP: 电信, Date: None, Delay: 2894 ms, Speed: 0.67 M/s, Resolution: 720x540
Name: 武义新闻综合, URL: http://l.cztvcloud.com/channels/lantian/SXwuyi1/720p.m3u8?zzhed, From: subscribe, IPv_Type: ipv4, Location: 中国-上海-上海, ISP: 电信, Date: None, Delay: 2397 ms, Speed: 0.49 M/s, Resolution: 720x576
Name: 武义新闻综合, URL: http://l.cztvcloud.com/channels/lantian/SXwuyi1/720p.m3u8, From: subscribe, IPv_Type: ipv6, Location: 中国-江苏-常州, ISP: 电信, Date: None, Delay: 2308 ms, Speed: 0.49 M/s, Resolution: 1920x1080
Name: 武义新闻综合, URL: http://l.cztvcloud.com/channels/lantian/SXwuyi1/720p.m3u8?zzhed\r\n, From: subscribe, IPv_Type: ipv4, Location: 中国-上海-上海, ISP: 电信, Date: None, Delay: 2377 ms, Speed: 0.48 M/s, Resolution: 720x576
Name: 武义新闻综合, URL: http://l.cztvcloud.com/channels/lantian/SXwuyi1/720p.m3u8?zzhed,, From: subscribe, IPv_Type: ipv4, Location: 中国-上海-上海, ISP: 电信, Date: None, Delay: 2651 ms, Speed: 0.43 M/s, Resolution: 720x576
Name: 松阳综合, URL: http://l.cztvcloud.com/channels/lantian/SXsongyang1/720p.m3u8?fbl=, From: subscribe, IPv_Type: ipv4, Location: 中国-上海-上海, ISP: 电信, Date: None, Delay: 3628 ms, Speed: 2.30 M/s, Resolution: 1920x1080
Name: 松阳综合, URL: http://l.cztvcloud.com/channels/lantian/SXsongyang1/720p.m3u8?zzhed;http://l.cztvcloud.com/channels/lantian/SXsongyang1/720p.m3u8zzhed, From: subscribe, IPv_Type: ipv4, Location: 中国-上海-上海, ISP: 电信, Date: None, Delay: 3745 ms, Speed: 2.15 M/s, Resolution: 1920x1080
Name: 松阳综合, URL: http://l.cztvcloud.com/channels/lantian/SXsongyang1/720p.m3u8, From: subscribe, IPv_Type: ipv4, Location: 中国-江苏-苏州, ISP: 电信, Date: None, Delay: 4798 ms, Speed: 2.04 M/s, Resolution: 1920x1080
Name: 松阳综合, URL: http://l.cztvcloud.com/channels/lantian/SXsongyang1/720p.m3u8?zzhed?, From: subscribe, IPv_Type: ipv4, Location: 中国-上海-上海, ISP: 电信, Date: None, Delay: 4571 ms, Speed: 1.95 M/s, Resolution: 1920x1080
Name: 松阳综合, URL: http://l.cztvcloud.com/channels/lantian/SXsongyang1/720p.m3u8?zzhed, From: subscribe, IPv_Type: ipv4, Location: 中国-上海-上海, ISP: 电信, Date: None, Delay: 5472 ms, Speed: 1.86 M/s, Resolution: 1920x1080
Name: 普陀电视台, URL: http://l.cztvcloud.com/channels/lantian/SXputuo1/720p.m3u8?zzhed#http://l.cztvcloud.com/channels/lantian/SXputuo1/720p.m3u8, From: subscribe, IPv_Type: ipv6, Location: 中国-江苏-常州, ISP: 电信, Date: None, Delay: 2510 ms, Speed: 0.67 M/s, Resolution: 1920x1080
Name: 普陀电视台, URL: https://l.cztvcloud.com/channels/lantian/SXputuo1/720p.m3u8, From: subscribe, IPv_Type: ipv6, Location: 中国-江苏-常州, ISP: 电信, Date: None, Delay: 2598 ms, Speed: 0.66 M/s, Resolution: 1920x1080
Name: 新昌生活, URL: http://l.cztvcloud.com/channels/lantian/SXxinchang2/720p.m3u8, From: subscribe, IPv_Type: ipv6, Location: 中国-江苏-常州, ISP: 电信, Date: None, Delay: 2664 ms, Speed: 0.46 M/s, Resolution: 1920x1080
Name: 文成综合, URL: http://l.cztvcloud.com/channels/lantian/SXwencheng1/720p.m3u8?fbl=, From: subscribe, IPv_Type: ipv6, Location: 中国-江苏-常州, ISP: 电信, Date: None, Delay: 2846 ms, Speed: 0.63 M/s, Resolution: 1920x1080
Name: 文成综合, URL: http://l.cztvcloud.com/channels/lantian/SXwencheng1/720p.m3u8?zzhed, From: subscribe, IPv_Type: ipv4, Location: 中国-上海-上海, ISP: 电信, Date: None, Delay: 2890 ms, Speed: 0.60 M/s, Resolution: 1280x720
Name: 文成综合, URL: http://l.cztvcloud.com/channels/lantian/SXwencheng1/720p.m3u8, From: subscribe, IPv_Type: ipv6, Location: 中国-江苏-常州, ISP: 电信, Date: None, Delay: 3332 ms, Speed: 0.58 M/s, Resolution: 1920x1080
Name: 文成综合, URL: http://l.cztvcloud.com/channels/lantian/SXwencheng1/720p.m3u8?zzhed?, From: subscribe, IPv_Type: ipv4, Location: 中国-上海-上海, ISP: 电信, Date: None, Delay: 3762 ms, Speed: 0.57 M/s, Resolution: 1280x720
Name: 开化新闻综合, URL: http://l.cztvcloud.com/channels/lantian/SXkaihua1/720p.m3u8?zzhed, From: subscribe, IPv_Type: ipv6, Location: 中国-江苏-常州, ISP: 电信, Date: None, Delay: 3350 ms, Speed: 0.59 M/s, Resolution: 1920x1080
Name: 开化国家公园, URL: http://l.cztvcloud.com/channels/lantian/SXkaihua2/720p.m3u8zzhed, From: subscribe, IPv_Type: ipv6, Location: 中国-江苏-常州, ISP: 电信, Date: None, Delay: 2764 ms, Speed: 0.65 M/s, Resolution: 1920x1080
Name: 开化国家公园, URL: http://l.cztvcloud.com/channels/lantian/SXkaihua2/720p.m3u8?zzhed#http://l.cztvcloud.com/channels/lantian/SXkaihua2/720p.m3u8zzhed#http://l.cztvcloud.com/channels/lantian/SXkaihua2/720p.m3u8, From: subscribe, IPv_Type: ipv4, Location: 中国-上海-上海, ISP: 电信, Date: None, Delay: 3053 ms, Speed: 0.59 M/s, Resolution: 1280x720
Name: 开化国家公园, URL: http://l.cztvcloud.com/channels/lantian/SXkaihua2/720p.m3u8, From: subscribe, IPv_Type: ipv4, Location: 中国-上海-上海, ISP: 电信, Date: None, Delay: 3389 ms, Speed: 0.54 M/s, Resolution: 1280x720
Name: 开化国家公园, URL: http://l.cztvcloud.com/channels/lantian/SXkaihua2/720p.m3u8?zzhed, From: subscribe, IPv_Type: ipv4, Location: 中国-上海-上海, ISP: 电信, Date: None, Delay: 3679 ms, Speed: 0.52 M/s, Resolution: 1280x720
Name: 庆元综合, URL: http://l.cztvcloud.com/channels/lantian/SXqingyuan1/720p.m3u8, From: subscribe, IPv_Type: ipv4, Location: 中国-江苏-南通, ISP: 电信, Date: None, Delay: 3066 ms, Speed: 0.78 M/s, Resolution: 1920x1080
Name: 庆元综合, URL: http://l.cztvcloud.com/channels/lantian/SXqingyuan1/720p.m3u8?zzhed, From: subscribe, IPv_Type: ipv6, Location: 中国-江苏-常州, ISP: 电信, Date: None, Delay: 4200 ms, Speed: 0.67 M/s, Resolution: 1920x1080
Name: 平湖民生休闲, URL: http://l.cztvcloud.com/channels/lantian/SXpinghu2/720p.m3u8?zzhed, From: subscribe, IPv_Type: ipv6, Location: 中国-江苏-常州, ISP: 电信, Date: None, Delay: 1777 ms, Speed: 0.21 M/s, Resolution: 1920x1080
Name: 平湖民生休闲, URL: http://l.cztvcloud.com/channels/lantian/SXpinghu2/720p.m3u8?zzhed#http://l.cztvcloud.com/channels/lantian/SXpinghu2/720p.m3u8, From: subscribe, IPv_Type: ipv4, Location: 中国-上海-上海, ISP: 电信, Date: None, Delay: 1684 ms, Speed: 0.18 M/s, Resolution: 1280x720
Name: 平湖民生休闲, URL: http://l.cztvcloud.com/channels/lantian/SXpinghu2/720p.m3u8, From: subscribe, IPv_Type: ipv4, Location: 中国-上海-上海, ISP: 电信, Date: None, Delay: 1918 ms, Speed: 0.17 M/s, Resolution: 1280x720
Name: 平湖新闻综合, URL: http://play-sh13.quklive.com/live/1690167908295069.m3u8?auth_key=2027466211-f190eec410c24473825cbe1d8541e545-0-f21db57ae1b534802c1cf7be86cc3aef, From: subscribe, IPv_Type: ipv4, Location: 美国, ISP: 阿里云, Date: None, Delay: 1475 ms, Speed: 0.37 M/s, Resolution: 1280x720
Name: 平湖新闻综合, URL: http://l.cztvcloud.com/channels/lantian/SXpinghu1/720p.m3u8?zzhed, From: subscribe, IPv_Type: ipv6, Location: 中国-江苏-常州, ISP: 电信, Date: None, Delay: 1539 ms, Speed: 0.20 M/s, Resolution: 1920x1080
Name: 平湖新闻综合, URL: http://l.cztvcloud.com/channels/lantian/SXpinghu1/720p.m3u8, From: subscribe, IPv_Type: ipv4, Location: 中国-上海-上海, ISP: 电信, Date: None, Delay: 1505 ms, Speed: 0.19 M/s, Resolution: 1280x720
Name: 平湖新闻综合, URL: http://l.cztvcloud.com/channels/lantian/SXpinghu1/720p.m3u8?cWlkPSZzPTg3OWMwYmMyZDMzYTFhZGY3NDQxMjgyYTg1MmUzNTY0JmVzPTE3MDY2Nzc4NzMmdXVpZD0yMjdiY2MzNGNiNGY0MThlYjRiY2IxYzcwNmZjODNkMS02NzQ3NDY2NyZ2PTImYXM9MCZjZG5leF9pZD10eF9waG9uZV9saXZl, From: subscribe, IPv_Type: ipv4, Location: 中国-上海-上海, ISP: 电信, Date: None, Delay: 3623 ms, Speed: 0.13 M/s, Resolution: 1280x720
Name: 嵊泗综合, URL: http://l.cztvcloud.com/channels/lantian/SXshengsi1/720p.m3u8, From: subscribe, IPv_Type: ipv4, Location: 中国-江苏-南通, ISP: 电信, Date: None, Delay: 3481 ms, Speed: 0.57 M/s, Resolution: 720x576
Name: 嵊州新闻综合, URL: http://l.cztvcloud.com/channels/lantian/SXshengzhou1/720p.m3u8?zzhed#http://l.cztvcloud.com/channels/lantian/SXshengzhou1/720p.m3u8, From: subscribe, IPv_Type: ipv6, Location: 中国-江苏-常州, ISP: 电信, Date: None, Delay: 2603 ms, Speed: 0.69 M/s, Resolution: 1920x1080
Name: 嵊州新闻综合, URL: http://l.cztvcloud.com/channels/lantian/SXshengzhou1/720p.m3u8, From: subscribe, IPv_Type: ipv4, Location: 中国-上海-上海, ISP: 电信, Date: None, Delay: 2728 ms, Speed: 0.67 M/s, Resolution: 1280x720
Name: 嵊州新闻综合, URL: rtmp://play-sh11.quklive.com/live/1626935015913208, From: subscribe, IPv_Type: ipv4, Location: 美国, ISP: 阿里云, Date: None, Delay: 1296 ms, Speed: 0.00 M/s, Resolution: None
Name: 兰溪新闻综合, URL: http://l.cztvcloud.com/channels/lantian/SXlanxi1/720p.m3u8, From: subscribe, IPv_Type: ipv6, Location: 中国-江苏-常州, ISP: 电信, Date: None, Delay: 2705 ms, Speed: 0.70 M/s, Resolution: 1920x1080
Name: 兰溪新闻综合, URL: http://l.cztvcloud.com/channels/lantian/SXlanxi1/720p.m3u8?zzhed#http://l.cztvcloud.com/channels/lantian/SXlanxi1/720p.m3u8, From: subscribe, IPv_Type: ipv4, Location: 中国-上海-上海, ISP: 电信, Date: None, Delay: 2613 ms, Speed: 0.70 M/s, Resolution: 1280x720
Name: 兰溪新闻综合, URL: http://l.cztvcloud.com/channels/lantian/SXlanxi1/720p.m3u8?zzhed, From: subscribe, IPv_Type: ipv4, Location: 中国-上海-上海, ISP: 电信, Date: None, Delay: 4322 ms, Speed: 0.58 M/s, Resolution: 1280x720
Name: 余杭综合, URL: http://l.cztvcloud.com/channels/lantian/SXyuhang1/720p.m3u8, From: subscribe, IPv_Type: ipv6, Location: 中国-江苏-常州, ISP: 电信, Date: None, Delay: 2459 ms, Speed: 0.52 M/s, Resolution: 1920x1080
Name: 余杭综合, URL: http://l.cztvcloud.com/channels/lantian/SXyuhang1/720p.m3u8?zzhed, From: subscribe, IPv_Type: ipv4, Location: 中国-上海-上海, ISP: 电信, Date: None, Delay: 2611 ms, Speed: 0.51 M/s, Resolution: 1920x1080
Name: 余杭综合, URL: http://l.cztvcloud.com/channels/lantian/SXyuhang1/720p.m3u8?cWlkPSZzPTg3OWMwYmMyZDMzYTFhZGY3NDQxMjgyYTg1MmUzNTY0JmVzPTE3MDY2Nzc4NzMmdXVpZD0yMjdiY2MzNGNiNGY0MThlYjRiY2IxYzcwNmZjODNkMS02NzQ3NDY2NyZ2PTImYXM9MCZjZG5leF9pZD10eF9waG9uZV9saXZl, From: subscribe, IPv_Type: ipv4, Location: 中国-上海-上海, ISP: 电信, Date: None, Delay: 3273 ms, Speed: 0.45 M/s, Resolution: 1920x1080
Name: 余杭未来E, URL: http://l.cztvcloud.com/channels/lantian/SXyuhang3/720p.m3u8?zzhed, From: subscribe, IPv_Type: ipv4, Location: 中国-上海-上海, ISP: 电信, Date: None, Delay: 3303 ms, Speed: 0.65 M/s, Resolution: 1920x1080
Name: 余杭未来E, URL: http://l.cztvcloud.com/channels/lantian/SXyuhang3/720p.m3u8, From: subscribe, IPv_Type: ipv6, Location: 中国-江苏-常州, ISP: 电信, Date: None, Delay: 3497 ms, Speed: 0.65 M/s, Resolution: 1920x1080
Name: 余姚综合, URL: https://l.cztvcloud.com/channels/lantian/SXyuyao1/720p.m3u8, From: subscribe, IPv_Type: ipv4, Location: 中国-江苏-南通, ISP: 电信, Date: None, Delay: 3781 ms, Speed: 0.58 M/s, Resolution: 1920x1080
Name: 云和新闻综合, URL: http://l.cztvcloud.com/channels/lantian/SXyunhe1/720p.m3u8, From: subscribe, IPv_Type: ipv6, Location: 中国-江苏-常州, ISP: 电信, Date: None, Delay: 3351 ms, Speed: 0.87 M/s, Resolution: 1920x1080
Name: 云和新闻综合, URL: http://l.cztvcloud.com/channels/lantian/SXyunhe1/720p.m3u8?zzhed, From: subscribe, IPv_Type: ipv4, Location: 中国-上海-上海, ISP: 电信, Date: None, Delay: 4121 ms, Speed: 0.82 M/s, Resolution: 1280x720
Name: 东阳影视生活, URL: http://l.cztvcloud.com/channels/lantian/SXdongyang1/720p.m3u8, From: subscribe, IPv_Type: ipv6, Location: 中国-江苏-常州, ISP: 电信, Date: None, Delay: 5533 ms, Speed: 0.66 M/s, Resolution: 1920x1080
Name: 上虞新闻综合, URL: http://l.cztvcloud.com/channels/lantian/SXshangyu1/720p.m3u8?zzhed, From: subscribe, IPv_Type: ipv6, Location: 中国-江苏-常州, ISP: 电信, Date: None, Delay: 3073 ms, Speed: 1.11 M/s, Resolution: 1920x1080
Name: 上虞新闻综合, URL: http://l.cztvcloud.com/channels/lantian/SXshangyu1/720p.m3u8?cWlkPSZzPTg3OWMwYmMyZDMzYTFhZGY3NDQxMjgyYTg1MmUzNTY0JmVzPTE3MDY2Nzc4NzMmdXVpZD0yMjdiY2MzNGNiNGY0MThlYjRiY2IxYzcwNmZjODNkMS02NzQ3NDY2NyZ2PTImYXM9MCZjZG5leF9pZD10eF9waG9uZV9saXZl, From: subscribe, IPv_Type: ipv4, Location: 中国-上海-上海, ISP: 电信, Date: None, Delay: 4887 ms, Speed: 0.93 M/s, Resolution: 1920x1080
Name: 上虞文化影院, URL: http://l.cztvcloud.com/channels/lantian/SXshangyu2/720p.m3u8, From: subscribe, IPv_Type: ipv4, Location: 中国-江苏-南通, ISP: 电信, Date: None, Delay: 3916 ms, Speed: 1.02 M/s, Resolution: 1920x1080
Name: 北京卡酷少儿, URL: http://218.13.170.98:9901/tsfile/live/1021_1.m3u8, From: subscribe, IPv_Type: ipv4, Location: 中国-广东-佛山, ISP: 电信, Date: None, Delay: 10192 ms, Speed: 0.07 M/s, Resolution: 720x576
Name: 北京新闻, URL: https://satellitepull.cnr.cn/live/wxbjxwgb/playlist.m3u8, From: subscribe, IPv_Type: ipv4, Location: 美国-德克萨斯州-达拉斯, ISP: 网宿科技CDN节点, Date: None, Delay: 49 ms, Speed: 1.68 M/s, Resolution: None
Name: 北京生活, URL: https://wstvcpudali.v.myalicdn.com/wstvcpud/udrmbtv7_1/index.m3u8?adapt=0&BR=audio, From: subscribe, IPv_Type: ipv4, Location: 中国-上海-上海, ISP: 电信, Date: None, Delay: 1612 ms, Speed: 0.06 M/s, Resolution: None
Name: 北京科教, URL: http://player.cntv.cn/standard/live_HLSDRM20180606.swf?ChannelID=btv3&P2PChannelID=pd://cctv_p2p_hdbtv3, From: subscribe, IPv_Type: ipv4, Location: 美国, ISP: CDNetworks, Date: None, Delay: 4 ms, Speed: 66.10 M/s, Resolution: 19x24
Name: 北京财经, URL: https://wstvcpudali.v.myalicdn.com/wstvcpud/udrmbtv5_1/index.m3u8?adapt=0&BR=audio, From: subscribe, IPv_Type: ipv4, Location: 中国-上海-上海, ISP: 电信, Date: None, Delay: 2092 ms, Speed: 0.05 M/s, Resolution: None
Name: 北京青年, URL: http://player.cntv.cn/standard/live_HLSDRM20180919.swf?v=180.171.5.8.9.6.3.9&ChannelID=btv8&videoTVChannel=btv8&P2PChannelID=pd://cctv_p2p_hdbtv8&tai=btv8&VideoName=btv8&channelID=btv8, From: subscribe, IPv_Type: ipv4, Location: 美国, ISP: CDNetworks, Date: None, Delay: 3 ms, Speed: 86.60 M/s, Resolution: 19x24
Name: 上海外语, URL: http://139.196.151.191/rtp/239.45.1.127:5140, From: subscribe, IPv_Type: ipv4, Location: 中国-上海-上海, ISP: 阿里云BGP数据中心, Date: None, Delay: 2482 ms, Speed: 0.06 M/s, Resolution: None
Name: 全纪实, URL: http://183.220.107.138:4022/rtp/239.10.0.105:5140, From: subscribe, IPv_Type: ipv4, Location: 中国-四川-成都, ISP: 移动, Date: None, Delay: 497 ms, Speed: 0.00 M/s, Resolution: None
Name: 新闻综合, URL: https://live-auth.51kandianshi.com/szgd/csztv1.m3u8, From: subscribe, IPv_Type: ipv4, Location: 中国-江苏-常州, ISP: 电信, Date: None, Delay: 1176 ms, Speed: 0.72 M/s, Resolution: 1920x1080
Name: 新闻综合, URL: https://m3u8channel.yunxya.com/nmip-media/channellive/channel100028/playlist.m3u8, From: subscribe, IPv_Type: ipv4, Location: 中国-广东-东莞, ISP: 电信, Date: None, Delay: 3093 ms, Speed: 0.54 M/s, Resolution: 1920x1080
Name: 欢笑剧场, URL: rtsp://115.153.245.70/PLTV/88888888/224/3221225734/10000100000000060000000000901456_0.smil, From: subscribe, IPv_Type: ipv4, Location: 中国-江西-宜春, ISP: 电信, Date: None, Delay: 10004 ms, Speed: 0.00 M/s, Resolution: None
Name: 欢笑剧场, URL: rtsp://123.147.112.17:8089/04000001/01000000004000000000000000000411?AuthInfo=xxx&userid=gf001&userid=gf001, From: subscribe, IPv_Type: ipv4, Location: 中国-重庆-重庆, ISP: 联通, Date: None, Delay: 10005 ms, Speed: 0.00 M/s, Resolution: None
Name: 法治天地, URL: https://live.264788.xyz/channel/fazhitiandi?streamid=fe165cb56510151228c7f1f898f9cc2d&livekey=01WgOR41rriMmMkzNsd0UoaxJRwetZdxIvtVk, From: subscribe, IPv_Type: ipv4, Location: 美国, ISP: CloudFlare节点, Date: None, Delay: 3679 ms, Speed: 3.75 M/s, Resolution: 1920x1080
Name: 都市剧场, URL: https://satellitepull.cnr.cn/live/wxcqxwgb/playlist.m3u8, From: subscribe, IPv_Type: ipv4, Location: 美国-华盛顿州-金, ISP: 网宿CDN西雅图节点, Date: None, Delay: 11 ms, Speed: 10.01 M/s, Resolution: None
Name: 金山电视台, URL: https://pili-live-hls.wdit.com.cn/wditlive/8818dfe5f4df45ba9a3f32964d172fb2b6d3.m3u8, From: subscribe, IPv_Type: ipv4, Location: 中国-香港, ISP: NTT, Date: None, Delay: 1455 ms, Speed: 3.06 M/s, Resolution: 1920x1080
Name: 璧山综合, URL: http://222.179.42.129:8181/hls1.m3u8?zzhongqd, From: subscribe, IPv_Type: ipv4, Location: 中国-重庆-重庆, ISP: 电信, Date: None, Delay: 7615 ms, Speed: 0.45 M/s, Resolution: 1920x1080
Name: 铜梁综合, URL: http://183.64.174.171:40123/ch1.m3u8?zzhongqd, From: subscribe, IPv_Type: ipv4, Location: 中国-重庆-重庆, ISP: 电信, Date: None, Delay: 5282 ms, Speed: 0.18 M/s, Resolution: 720x576
Name: 铜梁综合, URL: http://183.64.174.171:40123/ch1.m3u8, From: subscribe, IPv_Type: ipv4, Location: 中国-重庆-重庆, ISP: 电信, Date: None, Delay: 5602 ms, Speed: 0.17 M/s, Resolution: 720x576
Name: 重庆汽摩, URL: http://183.230.184.51:65500/tntv1.m3u8, From: subscribe, IPv_Type: ipv4, Location: 中国-重庆-重庆, ISP: 移动, Date: None, Delay: 6033 ms, Speed: 0.30 M/s, Resolution: 1920x1080
Name: 荣昌综合, URL: http://183.64.181.25:40023/rongchang01.m3u8, From: subscribe, IPv_Type: ipv4, Location: 中国-重庆-重庆, ISP: 电信, Date: None, Delay: 2479 ms, Speed: 0.14 M/s, Resolution: 720x404
Name: 荣昌综合, URL: http://183.64.181.25:40023/rongchang01.m3u8?%E5%85%B3%E6%B3%A8%E5%BE%AE%E4%BF%A1%E5%85%AC%E4%BC%97%E5%8F%B7[%E6%99%B4%E5%9B%AD], From: subscribe, IPv_Type: ipv4, Location: 中国-重庆-重庆, ISP: 电信, Date: None, Delay: 2639 ms, Speed: 0.14 M/s, Resolution: 720x404
Name: 江津新闻综合, URL: http://222.179.155.21:1935/ch1.m3u8?zzhongqd, From: subscribe, IPv_Type: ipv4, Location: 中国-重庆-重庆, ISP: 电信, Date: None, Delay: 10415 ms, Speed: 0.11 M/s, Resolution: 1920x1080
Name: 江津新闻综合, URL: http://222.179.155.21:1935/ch1.m3u8?%E5%85%B3%E6%B3%A8%E5%BE%AE%E4%BF%A1%E5%85%AC%E4%BC%97%E5%8F%B7[%E6%99%B4%E5%9B%AD], From: subscribe, IPv_Type: ipv4, Location: 中国-重庆-重庆, ISP: 电信, Date: None, Delay: 10545 ms, Speed: 0.09 M/s, Resolution: 1920x1080
Name: 江津新闻综合, URL: http://222.179.155.21:1935/ch1.m3u8, From: subscribe, IPv_Type: ipv4, Location: 中国-重庆-重庆, ISP: 电信, Date: None, Delay: 10770 ms, Speed: 0.07 M/s, Resolution: 1920x1080
Name: 垫江综合, URL: rtmp://play-sh.quklive.com/live/1672366847646284, From: subscribe, IPv_Type: ipv4, Location: 美国-科罗拉多州-布鲁姆菲尔德, ISP: Level3, Date: None, Delay: -1 ms, Speed: inf M/s, Resolution: 1920x1080
Name: 万州综合, URL: http://123.146.162.24:8017/iTXwrGs/800/live.m3u8?zzhongqd, From: subscribe, IPv_Type: ipv4, Location: 中国-重庆-重庆, ISP: 联通, Date: None, Delay: 1328 ms, Speed: 0.06 M/s, Resolution: 720x576
Name: 万州综合, URL: http://123.146.162.24:8017/iTXwrGs/800/live.m3u8, From: subscribe, IPv_Type: ipv4, Location: 中国-重庆-重庆, ISP: 联通, Date: None, Delay: 1544 ms, Speed: 0.06 M/s, Resolution: 720x576
Name: 万州三峡移民, URL: http://123.146.162.24:8017/c2F0hmi/1000/live.m3u8?zzhongqd, From: subscribe, IPv_Type: ipv4, Location: 中国-重庆-重庆, ISP: 联通, Date: None, Delay: 1323 ms, Speed: 0.06 M/s, Resolution: 720x576
Name: 万州三峡移民, URL: http://123.146.162.24:8017/c2F0hmi/1000/live.m3u8, From: subscribe, IPv_Type: ipv4, Location: 中国-重庆-重庆, ISP: 联通, Date: None, Delay: 1334 ms, Speed: 0.06 M/s, Resolution: 720x576
Name: 重庆时尚购物, URL: http://183.220.107.138:4022/rtp/239.10.0.169:5140, From: subscribe, IPv_Type: ipv4, Location: 中国-四川-成都, ISP: 移动, Date: None, Delay: 508 ms, Speed: 0.00 M/s, Resolution: None
Name: 句容党建, URL: http://jrlive.jrntv.com:80/live/dangjian/playlist.m3u8, From: subscribe, IPv_Type: ipv4, Location: 中国-安徽-滁州, ISP: 电信, Date: None, Delay: 2488 ms, Speed: 0.41 M/s, Resolution: 1280x720
Name: 句容党建, URL: http://jrlive.jrntv.com/live/_definst_/dangjians/playlist.m3u8?%E5%85%B3%E6%B3%A8%E5%BE%AE%E4%BF%A1%E5%85%AC%E4%BC%97%E5%8F%B7[%E6%99%B4%E5%9B%AD], From: subscribe, IPv_Type: ipv4, Location: 中国-广西, ISP: 电信, Date: None, Delay: 1862 ms, Speed: 0.38 M/s, Resolution: 720x576
Name: 句容党建, URL: http://jrlive.jrntv.com/live/_definst_/dangjians/playlist.m3u8, From: subscribe, IPv_Type: ipv4, Location: 中国-广西, ISP: 电信, Date: None, Delay: 4141 ms, Speed: 0.26 M/s, Resolution: 720x576
Name: 句容影院, URL: http://jrlive.jrntv.com/live/_definst_/yingshis/chunklist_w1994429382.m3u8?zjiangsd, From: subscribe, IPv_Type: ipv4, Location: 中国-广西, ISP: 电信, Date: None, Delay: 2020 ms, Speed: 0.20 M/s, Resolution: 720x576
Name: 句容新闻综合, URL: http://jrlive.jrntv.com/live/_definst_/jrxwzhs/playlist.m3u8, From: subscribe, IPv_Type: ipv4, Location: 中国-广西, ISP: 电信, Date: None, Delay: 1854 ms, Speed: 0.38 M/s, Resolution: 720x576
Name: 句容新闻综合, URL: http://jrlive.jrntv.com/live/_definst_/jrxwzhs/playlist.m3u8?zjiangsd, From: subscribe, IPv_Type: ipv4, Location: 中国-广西, ISP: 电信, Date: None, Delay: 1811 ms, Speed: 0.35 M/s, Resolution: 720x576
Name: 句容生活, URL: http://jrlive.jrntv.com/live/_definst_/shenghuos/playlist.m3u8, From: subscribe, IPv_Type: ipv4, Location: 中国-广西, ISP: 电信, Date: None, Delay: 1949 ms, Speed: 0.48 M/s, Resolution: 720x576
Name: 句容生活, URL: http://jrlive.jrntv.com/live/_definst_/shenghuos/playlist.m3u8?%E5%85%B3%E6%B3%A8%E5%BE%AE%E4%BF%A1%E5%85%AC%E4%BC%97%E5%8F%B7[%E6%99%B4%E5%9B%AD], From: subscribe, IPv_Type: ipv4, Location: 中国-广西, ISP: 电信, Date: None, Delay: 2320 ms, Speed: 0.40 M/s, Resolution: 720x576
Name: 宜兴新闻, URL: https://yixing-tv-ori-hls.jstv.com/yixing-tv-ori/yixing_xw.m3u8, From: subscribe, IPv_Type: ipv4, Location: 中国-香港, ISP: OWS, Date: None, Delay: 479 ms, Speed: 8.54 M/s, Resolution: 1280x720
Name: 宜兴新闻, URL: http://yixing-tv-ori-hls.jstv.com/yixing-tv-ori/yixing_xw.m3u8?zjiangsd, From: subscribe, IPv_Type: ipv4, Location: 中国-香港, ISP: OWS, Date: None, Delay: 502 ms, Speed: 8.24 M/s, Resolution: 1280x720
Name: 宜兴新闻, URL: http://yixing-tv-ori-hls.jstv.com/yixing-tv-ori/yixing_xw.m3u8, From: subscribe, IPv_Type: ipv4, Location: 中国-香港, ISP: NTT, Date: None, Delay: 495 ms, Speed: 8.19 M/s, Resolution: 1280x720
Name: 宜兴紫砂, URL: rtmp://yixing-tv-ori-hls.jstv.com/yixing-tv-ori/yixing_zs, From: subscribe, IPv_Type: ipv4, Location: 中国-香港, ISP: OWS, Date: None, Delay: -1 ms, Speed: inf M/s, Resolution: 1280x720
Name: 常熟民生, URL: rtmp://cstvplay.21cs.cn/cstv2/cstv2, From: subscribe, IPv_Type: ipv4, Location: 中国-上海-上海, ISP: 电信, Date: None, Delay: -1 ms, Speed: inf M/s, Resolution: 1280x720
Name: 新沂新闻, URL: http://live.xysrmt.cn/xwzh/sd/live.m3u8?zjiangsd", From: subscribe, IPv_Type: ipv6, Location: 中国, ISP: 中国电信, Date: None, Delay: 1866 ms, Speed: 0.02 M/s, Resolution: 1920x1080
Name: 新沂生活, URL: http://live.xysrmt.cn/shpd/sd/live.m3u8?zjiangsd, From: subscribe, IPv_Type: ipv6, Location: 中国, ISP: 中国电信, Date: None, Delay: 2107 ms, Speed: 0.02 M/s, Resolution: 1920x1080
Name: 武进新闻, URL: https://live.wjyanghu.com/live/CH1.m3u8?%E5%85%B3%E6%B3%A8%E5%BE%AE%E4%BF%A1%E5%85%AC%E4%BC%97%E5%8F%B7[%E6%99%B4%E5%9B%AD], From: subscribe, IPv_Type: ipv4, Location: 中国-上海-上海, ISP: 阿里云, Date: None, Delay: 5020 ms, Speed: 0.08 M/s, Resolution: 720x576
Name: 武进新闻, URL: http://live.wjyanghu.com/live/CH1.m3u8?%E5%85%B3%E6%B3%A8%E5%BE%AE%E4%BF%A1%E5%85%AC%E4%BC%97%E5%8F%B7[%E6%99%B4%E5%9B%AD], From: subscribe, IPv_Type: ipv4, Location: 中国-上海-上海, ISP: 阿里云, Date: None, Delay: 4938 ms, Speed: 0.07 M/s, Resolution: 720x576
Name: 武进新闻, URL: https://live.wjyanghu.com/live/CH1.m3u8, From: subscribe, IPv_Type: ipv4, Location: 中国-上海-上海, ISP: 阿里云, Date: None, Delay: 10210 ms, Speed: 0.04 M/s, Resolution: 720x576
Name: 武进生活, URL: https://live.wjyanghu.com/live/CH2.m3u8, From: subscribe, IPv_Type: ipv4, Location: 中国-上海-上海, ISP: 阿里云, Date: None, Delay: 6514 ms, Speed: 0.09 M/s, Resolution: 720x576
Name: 武进生活, URL: http://live.wjyanghu.com/live/CH2.m3u8, From: subscribe, IPv_Type: ipv4, Location: 中国-上海-上海, ISP: 阿里云, Date: None, Delay: 6273 ms, Speed: 0.08 M/s, Resolution: 720x576
Name: 武进生活, URL: https://live.wjyanghu.com/live/CH2.m3u8?%E5%85%B3%E6%B3%A8%E5%BE%AE%E4%BF%A1%E5%85%AC%E4%BC%97%E5%8F%B7[%E6%99%B4%E5%9B%AD], From: subscribe, IPv_Type: ipv4, Location: 中国-上海-上海, ISP: 阿里云, Date: None, Delay: 5745 ms, Speed: 0.08 M/s, Resolution: 720x576
Name: 江宁新闻, URL: rtmp://jiangning-tv-hls.cm.jstv.com/jiangning-tv/jnxwzh, From: subscribe, IPv_Type: ipv4, Location: 中国-香港, ISP: OWS, Date: None, Delay: 582 ms, Speed: 0.00 M/s, Resolution: None
Name: 泗洪新闻综合, URL: http://3739115337.cloudvdn.com/a.m3u8?domain=siyang-tv-hls.cm.jstv.com&player=nwEAAKHdjSKP_58X&secondToken=secondToken%3A5FUijZmDyNMxtCDdne0YzSAwjuw&streamid=siyang-tv%3Asiyang-tv%2Fsiyangzh&v3=1, From: subscribe, IPv_Type: ipv4, Location: 中国-河北-保定, ISP: 电信, Date: None, Delay: 3825 ms, Speed: 0.38 M/s, Resolution: 1920x1080
Name: 涟水电视台综合, URL: rtmp://lianshui-tv-hls.cm.jstv.com/lianshui-tv/lsxw, From: subscribe, IPv_Type: ipv6, Location: 中国, ISP: 中国电信, Date: None, Delay: 616 ms, Speed: 0.00 M/s, Resolution: None
Name: 淮阴综合, URL: https://huaiyin-tv-replay.cm.jstv.com/huaiyin-tv/huaiyinf.m3u8, From: subscribe, IPv_Type: ipv6, Location: 中国, ISP: 中国电信, Date: None, Delay: 4085 ms, Speed: 0.75 M/s, Resolution: 1920x1080
Name: 睢宁综合, URL: rtmp://221.229.243.45:1935/live/live1, From: subscribe, IPv_Type: ipv4, Location: 中国-江苏-徐州, ISP: 电信, Date: None, Delay: -1 ms, Speed: inf M/s, Resolution: 1280x720
Name: 睢宁综合, URL: https://live-auth.51kandianshi.com/szgd/csztv4k_hd.m3u8, From: subscribe, IPv_Type: ipv4, Location: 美国-加利福尼亚州-圣克拉拉, ISP: 腾讯云, Date: None, Delay: 1149 ms, Speed: 0.87 M/s, Resolution: 1280x720
Name: 苏州文化生活, URL: https://live-auth.51kandianshi.com/szgd/csztv3.m3u8, From: subscribe, IPv_Type: ipv4, Location: 美国-加利福尼亚州-圣克拉拉, ISP: 腾讯云, Date: None, Delay: 550 ms, Speed: 0.69 M/s, Resolution: 1280x720
Name: 苏州文化生活, URL: rtmp://csztv.2500sz.com/live/c03, From: subscribe, IPv_Type: ipv4, Location: 中国-江苏-苏州, ISP: 电信, Date: None, Delay: 3236 ms, Speed: 0.00 M/s, Resolution: None
Name: 苏州生活资讯, URL: https://live-auth.51kandianshi.com/szgd/csztv5.m3u8, From: subscribe, IPv_Type: ipv4, Location: 美国-加利福尼亚州-圣克拉拉, ISP: 腾讯云, Date: None, Delay: 706 ms, Speed: 0.46 M/s, Resolution: 1280x720
Name: 苏州生活资讯, URL: rtmp://csztv.2500sz.com/live/c04, From: subscribe, IPv_Type: ipv4, Location: 中国-江苏-苏州, ISP: 电信, Date: None, Delay: 4051 ms, Speed: 0.00 M/s, Resolution: None
Name: 苏州社会经济, URL: https://live-auth.51kandianshi.com/szgd/csztv2.m3u8, From: subscribe, IPv_Type: ipv4, Location: 中国-江苏-常州, ISP: 电信, Date: None, Delay: 1088 ms, Speed: 0.67 M/s, Resolution: 1920x1080
Name: 赣榆新闻综合, URL: rtmp://ganyu-tv-hls.cm.jstv.com/ganyu-tv/ganyutv, From: subscribe, IPv_Type: ipv4, Location: 中国-香港, ISP: OWS, Date: None, Delay: 457 ms, Speed: 0.00 M/s, Resolution: None
Name: 镇江二套社会民生, URL: http://zjtv-wshls.homecdn.com/live/2aa16.m3u8, From: subscribe, IPv_Type: ipv4, Location: 美国-伊利诺伊州-库克, ISP: 网宿CDN节点, Date: None, Delay: 1014 ms, Speed: 2.01 M/s, Resolution: 1920x1080
Name: 镇江新闻综合, URL: http://zjtv-wshls.homecdn.com/live/2aa50.m3u8?wsSession=a263bdc5a26cd01b57a80359-170493712215358&amp;wsIPSercert=f56bd6194d219a5172dbed60eca6e9b0, From: subscribe, IPv_Type: ipv4, Location: 美国-伊利诺伊州-库克, ISP: 网宿CDN节点, Date: None, Delay: 15 ms, Speed: 70.15 M/s, Resolution: 1920x1080
Name: 镇江新闻综合, URL: http://zjtv-wshls.homecdn.com/live/2aa50.m3u8?wsSession=a263bdc5a26cd01b57a80359-170493712215358&wsIPSercert=f56bd6194d219a5172dbed60eca6e9b0, From: subscribe, IPv_Type: ipv4, Location: 美国-伊利诺伊州-库克, ISP: 网宿CDN节点, Date: None, Delay: 21 ms, Speed: 61.48 M/s, Resolution: 1920x1080
Name: 镇江新闻综合, URL: http://zjtv-wshls.homecdn.com/live/2aa50.m3u8, From: subscribe, IPv_Type: ipv4, Location: 美国-伊利诺伊州-库克, ISP: 网宿CDN节点, Date: None, Delay: 19 ms, Speed: 59.88 M/s, Resolution: 1920x1080
Name: 镇江新闻综合, URL: http://zjtv-wshls.homecdn.com/live/2aa50.m3u8?wsSession=a263bdc5a26cd01b57a80359-170493712215358, From: subscribe, IPv_Type: ipv4, Location: 美国-伊利诺伊州-库克, ISP: 网宿CDN节点, Date: None, Delay: 20 ms, Speed: 56.55 M/s, Resolution: 1920x1080
Name: 靖江新闻综合, URL: https://satellitepull.cnr.cn/live/wxlnjjtb/playlist.m3u8, From: subscribe, IPv_Type: ipv4, Location: 美国-德克萨斯州-达拉斯, ISP: 网宿科技CDN节点, Date: None, Delay: 10 ms, Speed: 11.63 M/s, Resolution: None
Name: 朝阳新闻综合, URL: http://120.76.248.139/live/bfgd/4200000282.m3u8, From: subscribe, IPv_Type: ipv4, Location: 中国-浙江-杭州, ISP: 阿里云BGP数据中心, Date: None, Delay: 10637 ms, Speed: 0.00 M/s, Resolution: 1920x1080
Name: 辽宁北方, URL: http://dassby.qqff.top:99/live/辽宁北方/index.m3u8, From: subscribe, IPv_Type: ipv4, Location: 中国-辽宁-鞍山, ISP: 联通, Date: None, Delay: 10527 ms, Speed: 0.09 M/s, Resolution: 1920x1080
Name: 辽宁北方, URL: http://120.76.248.139/live/bfgd/4200000071.m3u8, From: subscribe, IPv_Type: ipv4, Location: 中国-浙江-杭州, ISP: 阿里云BGP数据中心, Date: None, Delay: 10006 ms, Speed: 0.00 M/s, Resolution: 1280x720
Name: 辽宁影视剧, URL: http://dassby.qqff.top:99/live/%E8%BE%BD%E5%AE%81%E5%BD%B1%E8%A7%86%E5%89%A7/index.m3u8, From: subscribe, IPv_Type: ipv4, Location: 中国-辽宁-鞍山, ISP: 联通, Date: None, Delay: 10777 ms, Speed: 0.04 M/s, Resolution: 1920x1080
Name: 辽宁影视剧, URL: http://dassby.qqff.top:99/live/辽宁影视剧/index.m3u8, From: subscribe, IPv_Type: ipv4, Location: 中国-辽宁-鞍山, ISP: 联通, Date: None, Delay: 10627 ms, Speed: 0.02 M/s, Resolution: 1920x1080
Name: 辽宁影视剧, URL: http://120.76.248.139/live/bfgd/4200000070.m3u8, From: subscribe, IPv_Type: ipv4, Location: 中国-浙江-杭州, ISP: 阿里云BGP数据中心, Date: None, Delay: 10989 ms, Speed: 0.00 M/s, Resolution: 1280x720
Name: 辽宁教育青少, URL: http://dassby.qqff.top:99/live/辽宁教育青少/index.m3u8, From: subscribe, IPv_Type: ipv4, Location: 中国-辽宁-鞍山, ISP: 联通, Date: None, Delay: 10581 ms, Speed: 0.04 M/s, Resolution: 1920x1080
Name: 辽宁教育青少, URL: http://120.76.248.139/live/bfgd/4200000075.m3u8, From: subscribe, IPv_Type: ipv4, Location: 中国-浙江-杭州, ISP: 阿里云BGP数据中心, Date: None, Delay: 10253 ms, Speed: 0.00 M/s, Resolution: 1280x720
Name: 辽宁生活, URL: http://dassby.qqff.top:99/live/辽宁生活/index.m3u8, From: subscribe, IPv_Type: ipv4, Location: 中国-辽宁-鞍山, ISP: 联通, Date: None, Delay: 10849 ms, Speed: 0.04 M/s, Resolution: 1920x1080
Name: 辽宁生活, URL: http://120.76.248.139/live/bfgd/4200000073.m3u8, From: subscribe, IPv_Type: ipv4, Location: 中国-浙江-杭州, ISP: 阿里云BGP数据中心, Date: None, Delay: 10004 ms, Speed: 0.00 M/s, Resolution: 1280x720
Name: 辽宁都市, URL: https://ls.qingting.fm/live/1099/64k.m3u8, From: subscribe, IPv_Type: ipv6, Location: 中国-广东-东莞, ISP: 电信, Date: None, Delay: 1354 ms, Speed: 0.07 M/s, Resolution: 1920x1080
Name: 湖南爱晚, URL: http://php.jdshipin.com:8880/iptv.php, From: subscribe, IPv_Type: ipv6, Location: 美国, ISP: CloudFlare Inc., Date: None, Delay: 786 ms, Speed: 1.69 M/s, Resolution: 1920x1080
Name: 长沙新闻综合, URL: http://ls.qingting.fm/live/4877.m3u8, From: subscribe, IPv_Type: ipv6, Location: 中国-广东-东莞, ISP: 电信, Date: None, Delay: 711 ms, Speed: 0.08 M/s, Resolution: 1920x1080
Name: 衡阳新闻综合, URL: https://liveplay-srs.voc.com.cn/hls/tv/183_554704.m3u8, From: subscribe, IPv_Type: ipv4, Location: 中国-湖南, ISP: 移动, Date: None, Delay: 10265 ms, Speed: 0.01 M/s, Resolution: 800x480
Name: 江夏新闻综合, URL: http://59.175.226.142:280/gb28181/xwzh.m3u8?zhubd, From: subscribe, IPv_Type: ipv4, Location: 中国-湖北-武汉, ISP: 电信, Date: None, Delay: 4073 ms, Speed: 0.30 M/s, Resolution: 720x576
Name: 江夏新闻综合, URL: http://59.175.226.142:280/gb28181/xwzh.m3u8, From: subscribe, IPv_Type: ipv4, Location: 中国-湖北-武汉, ISP: 电信, Date: None, Delay: 4030 ms, Speed: 0.29 M/s, Resolution: 720x576
Name: 江夏新闻综合, URL: http://59.175.226.142:280/gb28181/xwzh.m3u8?%E5%85%B3%E6%B3%A8%E5%BE%AE%E4%BF%A1%E5%85%AC%E4%BC%97%E5%8F%B7[%E6%99%B4%E5%9B%AD], From: subscribe, IPv_Type: ipv4, Location: 中国-湖北-武汉, ISP: 电信, Date: None, Delay: 5114 ms, Speed: 0.26 M/s, Resolution: 720x576
Name: 荆门新闻综合, URL: http://stream.jmtv.com.cn/xwzh/sd/live.m3u8, From: subscribe, IPv_Type: ipv6, Location: 中国, ISP: 中国电信, Date: None, Delay: 9393 ms, Speed: 0.21 M/s, Resolution: 1920x1080
Name: 南宁公共, URL: rtmp://live.gxrb.com.cn/tv/nntv_gg, From: subscribe, IPv_Type: ipv4, Location: 中国-广西-南宁, ISP: 电信, Date: None, Delay: -1 ms, Speed: inf M/s, Resolution: 1280x720
Name: 南宁新闻综合, URL: rtmp://tv.qntv.net/channellive/ch1?zguizd, From: subscribe, IPv_Type: ipv4, Location: 中国-贵州-黔南布依族苗族自治州, ISP: 联通, Date: None, Delay: -1 ms, Speed: inf M/s, Resolution: 1920x1080
Name: 南宁都市生活, URL: http://615bbf179ba53515dccad7b1da5d1ad9.livehwc3.cn/hls.nntv.cn/nnlive/WLSH_24.m3u8?sub_m3u8=true&edge_slice=true&user_session_id=2598844eaee8a4265e706fc14b3fc11d, From: subscribe, IPv_Type: ipv6, Location: 中国, ISP: 中国电信, Date: None, Delay: 1502 ms, Speed: 0.25 M/s, Resolution: 1920x1080
Name: 宾阳综合, URL: http://zb.gxlbamc.com:1935/live/lbzh.stream/playlist.m3u8, From: subscribe, IPv_Type: ipv4, Location: 中国-广西, ISP: 移动, Date: None, Delay: 10749 ms, Speed: 0.28 M/s, Resolution: 1920x1080
Name: 宾阳综合, URL: rtmp://live.gxrb.com.cn/gx/binyang, From: subscribe, IPv_Type: ipv4, Location: 中国-广西-南宁, ISP: 电信, Date: None, Delay: 10005 ms, Speed: 0.00 M/s, Resolution: None
Name: 灌阳新闻综合, URL: https://ls.qingting.fm/live/5043/64k.m3u8, From: subscribe, IPv_Type: ipv6, Location: 中国-广东-东莞, ISP: 电信, Date: None, Delay: 1203 ms, Speed: 0.07 M/s, Resolution: 1920x1080
Name: 广西新闻, URL: http://198.204.228.26/live/gxxw.m3u8, From: subscribe, IPv_Type: ipv4, Location: 美国, ISP: , Date: None, Delay: 669 ms, Speed: 4.66 M/s, Resolution: 1920x1080
Name: 广西新闻, URL: http://192.151.150.154/live/gxxw.m3u8, From: subscribe, IPv_Type: ipv4, Location: 美国-密苏里州-杰克逊县, ISP: Datashack公司, Date: None, Delay: 641 ms, Speed: 4.62 M/s, Resolution: 1920x1080
Name: 广西国际, URL: http://hlscdn.liangtv.cn/live/0234c48e0bc24fe1b41b9999a253e581/1075ee38e04f490690f6a36a16e09c79.m3u8?fbl=, From: subscribe, IPv_Type: ipv6, Location: 中国-江苏-扬州, ISP: 电信, Date: None, Delay: 842 ms, Speed: 1.98 M/s, Resolution: 1920x1080
Name: 南宁影视娱乐, URL: rtmp://hls.nntv.cn/nnlive/YSYL_244, From: subscribe, IPv_Type: ipv4, Location: 中国-江苏-扬州, ISP: 电信, Date: None, Delay: -1 ms, Speed: inf M/s, Resolution: 1280x720
Name: 南宁影视娱乐, URL: http://hls.nntv.cn/nnlive/YSYL_244.m3u8, From: subscribe, IPv_Type: ipv4, Location: 中国-江苏-扬州, ISP: 电信, Date: None, Delay: 1518 ms, Speed: 0.33 M/s, Resolution: 1280x720
Name: 南宁影视娱乐, URL: https://hls.nntv.cn/nnlive/YSYL_244.m3u8, From: subscribe, IPv_Type: ipv4, Location: 中国, ISP: 移动, Date: None, Delay: 1999 ms, Speed: 0.20 M/s, Resolution: 1280x720
Name: 津南一套, URL: http://play.jinnantv.top/live/JNTV1.m3u8?ztianjd, From: subscribe, IPv_Type: ipv4, Location: 美国-伊利诺伊州-库克, ISP: 网宿CDN节点, Date: None, Delay: 16 ms, Speed: 20.76 M/s, Resolution: 720x576
Name: 津南一套, URL: http://61.147.106.103/play.jinnantv.top/live/JNTV1.m3u8?ztianjd&wsSession=4e59297ef5846f4a7cf02eb3-172672213891355&wsIPSercert=6d426cba8b106cdec9147b1e2a9ace7c&wsiphost=local&wsBindIP=1, From: subscribe, IPv_Type: ipv4, Location: 中国-江苏-扬州, ISP: 电信, Date: None, Delay: 1985 ms, Speed: 0.16 M/s, Resolution: 720x576
Name: 武清综合, URL: https://tvpull.smartwq.cn/wqlive/convergencemedia/playlist.m3u8?ztianjd, From: subscribe, IPv_Type: ipv4, Location: 美国-伊利诺伊州-库克, ISP: 网宿CDN节点, Date: None, Delay: 27 ms, Speed: 30.80 M/s, Resolution: 720x576
Name: 乐山新闻综合, URL: http://pwpull.leshan.cn:80/live/21609091019110008654ed1a00000000/playlist.m3u8, From: subscribe, IPv_Type: ipv4, Location: 美国-伊利诺伊州-库克, ISP: 网宿CDN节点, Date: None, Delay: 18 ms, Speed: 54.94 M/s, Resolution: 1280x720
Name: 乐至综合, URL: http://175.155.106.72:89/live1/live1.m3u8?zsicd;http://rmlive.lzxrmtzx.com/live1/live1.m3u8?zsicd, From: subscribe, IPv_Type: ipv4, Location: 中国-四川-德阳, ISP: 联通, Date: None, Delay: 3206 ms, Speed: 0.65 M/s, Resolution: 1920x1080
Name: 井研综合, URL: http://tvfile.jyrmt.cn/nmip-media/channellive/channel104452/playlist.m3u8, From: subscribe, IPv_Type: ipv4, Location: 中国-四川, ISP: 广电网, Date: None, Delay: 3352 ms, Speed: 0.53 M/s, Resolution: 1920x1080
Name: 仁寿综合, URL: https://play.scrstv.com.cn/DT/live.m3u8?auth_key=60001724663204-0-0-c1cc4ded9841ac34f63cdbd3aec647ef, From: subscribe, IPv_Type: ipv4, Location: 中国-上海-上海, ISP: 电信, Date: None, Delay: 1401 ms, Speed: 0.04 M/s, Resolution: None
Name: 凉山新闻综合, URL: rtmp://tv.drs.i0834.cn/channellive/ch1?zsicd, From: subscribe, IPv_Type: ipv4, Location: 中国-四川-凉山彝族自治州, ISP: 电信, Date: None, Delay: -1 ms, Speed: inf M/s, Resolution: 720x404
Name: 凉山新闻综合, URL: rtmp://tv.drs.yizu.tv/channellive/ch1?zsicd, From: subscribe, IPv_Type: ipv4, Location: 中国-四川-凉山彝族自治州, ISP: 电信, Date: None, Delay: -1 ms, Speed: inf M/s, Resolution: 720x404
Name: 凉山语, URL: rtmp://tv.drs.i0834.cn/channellive/ch2?zsicd, From: subscribe, IPv_Type: ipv4, Location: 中国-四川-凉山彝族自治州, ISP: 电信, Date: None, Delay: -1 ms, Speed: inf M/s, Resolution: 720x404
Name: 凉山语, URL: rtmp://tv.drs.yizu.tv/channellive/ch2?zsicd, From: subscribe, IPv_Type: ipv4, Location: 中国-四川-凉山彝族自治州, ISP: 电信, Date: None, Delay: -1 ms, Speed: inf M/s, Resolution: 720x404
Name: 剑阁综合, URL: https://m3u8.channel.dzsm.com/nmip-media/channellive/channel105549/playlist.m3u8, From: subscribe, IPv_Type: ipv4, Location: 中国-四川, ISP: 移动, Date: None, Delay: 10743 ms, Speed: 0.02 M/s, Resolution: 960x528
Name: 叙州新闻综合, URL: http://pili-live-hls.ybcxjd.com/jdh-live/2108111201035597.m3u8, From: subscribe, IPv_Type: ipv4, Location: 中国-浙江-温州, ISP: 电信, Date: None, Delay: 412 ms, Speed: 4.72 M/s, Resolution: 1920x1080
Name: 叙州新闻综合, URL: http://pili-live-hls.ybcxjd.com/jdh-live/2108111201035597.m3u8?zsicd, From: subscribe, IPv_Type: ipv4, Location: 中国-香港, ISP: NTT, Date: None, Delay: 417 ms, Speed: 4.70 M/s, Resolution: 1920x1080
Name: 叙州新闻综合, URL: http://2061827161.cloudvdn.com/a.m3u8?domain=pili-live-hls.ybcxjd.com&player=IjsAAN-1KyqjjPYX&secondToken=secondToken%3AMHl3QtaAs-H2KkHpuGUAlKuJ9a8&streamid=jdh-live%3Ajdh-live%2F2108111201035597&v3=1, From: subscribe, IPv_Type: ipv4, Location: 中国-浙江-温州, ISP: 电信, Date: None, Delay: 8893 ms, Speed: 0.44 M/s, Resolution: 1920x1080
Name: 叙永综合, URL: rtmp://luzhi.xuyongrongmei.com:1935/live/xyxw?zsicd, From: subscribe, IPv_Type: ipv6, Location: 中国, ISP: 中国电信, Date: None, Delay: -1 ms, Speed: inf M/s, Resolution: 1920x1080
Name: 叙永综合, URL: https://m3u8channel-bx.yunxya.com/nmip-media/channellive/channel104666/playlist.m3u8, From: subscribe, IPv_Type: ipv4, Location: 中国-浙江-宁波, ISP: 电信, Date: None, Delay: 4095 ms, Speed: 0.68 M/s, Resolution: 1920x1080
Name: 名山综合, URL: rtmp://tv.yunxya.com:1937/channellive/mingshan, From: subscribe, IPv_Type: ipv4, Location: 中国-四川-雅安, ISP: 电信, Date: None, Delay: -1 ms, Speed: inf M/s, Resolution: 1920x1080
Name: 名山综合, URL: https://m3u8channel-ms.yunxya.com:443/nmip-media/audiolive/audio100580/playlist.m3u8, From: subscribe, IPv_Type: ipv4, Location: 中国-广东-东莞, ISP: 电信, Date: None, Delay: 2002 ms, Speed: 0.11 M/s, Resolution: None
Name: 夹江新闻综合, URL: https://m3u8.channel.dzsm.com/nmip-media/channellive/channel101257/playlist.m3u8, From: subscribe, IPv_Type: ipv4, Location: 中国-四川, ISP: 移动, Date: None, Delay: 10938 ms, Speed: 0.02 M/s, Resolution: 1280x720
Name: 夹江新闻综合, URL: rtmp://tv.jjrm.org.cn/channellive/ch1?zsicd, From: subscribe, IPv_Type: ipv4, Location: 中国-四川, ISP: 广电网, Date: None, Delay: 5321 ms, Speed: 0.00 M/s, Resolution: None
Name: 宝兴综合, URL: rtmp://tv.yunxya.com:1937/channellive/baoxing, From: subscribe, IPv_Type: ipv4, Location: 中国-四川-雅安, ISP: 电信, Date: None, Delay: -1 ms, Speed: inf M/s, Resolution: 1920x1080
Name: 小金综合, URL: rtmp://xjlive.xjxrmt.cn/live/xwpd, From: subscribe, IPv_Type: ipv4, Location: 中国-四川-成都, ISP: 电信, Date: None, Delay: -1 ms, Speed: inf M/s, Resolution: 1920x1080
Name: 广元综合, URL: https://m3u8.channel.dzsm.com/nmip-media/channellive/channel100999/playlist.m3u8, From: subscribe, IPv_Type: ipv4, Location: 中国-四川, ISP: 移动, Date: None, Delay: 10586 ms, Speed: 0.02 M/s, Resolution: 1280x720
Name: 广安公共, URL: http://live1.gatv.com.cn:85/live/GGPD.m3u8, From: subscribe, IPv_Type: ipv4, Location: 中国-四川-广安, ISP: 电信, Date: None, Delay: 563 ms, Speed: 0.00 M/s, Resolution: 1920x1080
Name: 旺苍新闻综合, URL: rtmp://tv.wcrmt.cn/channellive/ch1, From: subscribe, IPv_Type: ipv4, Location: 中国-四川-广元, ISP: 广电网, Date: None, Delay: -1 ms, Speed: inf M/s, Resolution: 1920x1080
Name: 旺苍新闻综合, URL: http://live.spccmc.com:90/live/spxwzh.m3u8?%E5%85%B3%E6%B3%A8%E5%BE%AE%E4%BF%A1%E5%85%AC%E4%BC%97%E5%8F%B7[%E6%99%B4%E5%9B%AD], From: subscribe, IPv_Type: ipv6, Location: 中国, ISP: 中国电信, Date: None, Delay: 1400 ms, Speed: 0.00 M/s, Resolution: 1920x1080
Name: 朝天综合, URL: https://m3u8.channel.dzsm.com/nmip-media/channellive/channel104601/playlist.m3u8, From: subscribe, IPv_Type: ipv4, Location: 中国-四川, ISP: 移动, Date: None, Delay: 10934 ms, Speed: 0.02 M/s, Resolution: 960x528
Name: 汶川新闻综合, URL: rtmp://live.iwcmt.cn:1936/live/zhxw, From: subscribe, IPv_Type: ipv6, Location: 中国, ISP: 中国移动, Date: None, Delay: -1 ms, Speed: inf M/s, Resolution: 1920x1080
Name: 汶川新闻综合, URL: http://live.iwcmt.cn:90/live/zhxw.m3u8, From: subscribe, IPv_Type: ipv6, Location: 中国, ISP: 中国移动, Date: None, Delay: 486 ms, Speed: 0.00 M/s, Resolution: 1920x1080
Name: 沐川综合, URL: rtmp://tv.mcrm.org.cn:1935/channellive/tv01, From: subscribe, IPv_Type: ipv4, Location: 中国-四川-乐山, ISP: 电信, Date: None, Delay: -1 ms, Speed: inf M/s, Resolution: 1920x1080
Name: 泸县新闻综合, URL: https://m3u8channel.ganzitv.com/nmip-media/channellive/channel1/playlist.m3u8, From: subscribe, IPv_Type: ipv6, Location: 中国, ISP: 中国电信, Date: None, Delay: 3723 ms, Speed: 0.50 M/s, Resolution: 1920x1080
Name: 石棉综合, URL: rtmp://tv.yunxya.com:1937/channellive/shimian, From: subscribe, IPv_Type: ipv4, Location: 中国-四川-雅安, ISP: 电信, Date: None, Delay: -1 ms, Speed: inf M/s, Resolution: 1920x1080
Name: 荥经综合, URL: rtmp://tv.yunxya.com:1937/channellive/yingjing, From: subscribe, IPv_Type: ipv4, Location: 中国-四川-雅安, ISP: 电信, Date: None, Delay: -1 ms, Speed: inf M/s, Resolution: 1920x1080
Name: 荥经综合, URL: https://file.ysxtv.cn/nmip-media/channellive/channel101492/playlist.m3u8, From: subscribe, IPv_Type: ipv6, Location: 中国, ISP: 中国电信, Date: None, Delay: 9706 ms, Speed: 0.24 M/s, Resolution: 1280x720
Name: 金川新闻综合, URL: rtmp://live.jinchuanrmt.com/live/zhxw, From: subscribe, IPv_Type: ipv4, Location: 中国-四川, ISP: 电信, Date: None, Delay: -1 ms, Speed: inf M/s, Resolution: 1920x1080
Name: 金川新闻综合, URL: rtmp://139.203.180.9/live/zhxw, From: subscribe, IPv_Type: ipv4, Location: 中国-四川, ISP: 电信, Date: None, Delay: -1 ms, Speed: inf M/s, Resolution: 1920x1080
Name: 长宁综合, URL: rtmp://cnpull.sccnfb.com/live/123456, From: subscribe, IPv_Type: ipv4, Location: 中国-河南-信阳, ISP: 电信, Date: None, Delay: -1 ms, Speed: inf M/s, Resolution: 1920x1080
Name: 雅安雨城, URL: https://m3u8channel-yc.yunxya.com/nmip-media/channellive/channel100103/playlist.m3u8, From: subscribe, IPv_Type: ipv4, Location: 中国-广东-东莞, ISP: 电信, Date: None, Delay: 3518 ms, Speed: 0.52 M/s, Resolution: 720x576
Name: 青川综合, URL: http://qcfile.qcrmt.com/nmip-media/channellive/channel100933/playlist.m3u8, From: subscribe, IPv_Type: ipv4, Location: 中国-四川, ISP: 广电网, Date: None, Delay: 10092 ms, Speed: 0.11 M/s, Resolution: 1920x1080
Name: 马尔康综合, URL: rtmp://live.zmmek.com/live/zhxw, From: subscribe, IPv_Type: ipv4, Location: 中国-四川-阿坝藏族羌族自治州, ISP: 联通, Date: None, Delay: 5281 ms, Speed: 0.00 M/s, Resolution: None
Name: 陕西公共, URL: http://ls.qingting.fm/live/1222.m3u8, From: subscribe, IPv_Type: ipv6, Location: 中国-广东-东莞, ISP: 电信, Date: None, Delay: 678 ms, Speed: 0.09 M/s, Resolution: 1920x1080
Name: 三明新闻综合, URL: https://ls.qingting.fm/live/5022100/64k.m3u8, From: subscribe, IPv_Type: ipv6, Location: 中国-广东-东莞, ISP: 电信, Date: None, Delay: 1682 ms, Speed: 0.05 M/s, Resolution: 1920x1080
Name: 云霄综合, URL: http://live.zzyxxw.com:85/live/xwzh.m3u8?fujian, From: subscribe, IPv_Type: ipv6, Location: 中国, ISP: 中国电信, Date: None, Delay: 580 ms, Speed: 0.00 M/s, Resolution: 1920x1080
Name: 云霄综合, URL: http://live.zzyxxw.com:85/live/xwzh.m3u8?fujian,, From: subscribe, IPv_Type: ipv6, Location: 中国, ISP: 中国电信, Date: None, Delay: 583 ms, Speed: 0.00 M/s, Resolution: 1920x1080
Name: 厦门卫视, URL: https://epg.pw/stream/aa65dd411565991ace44f9e5934bd018fdd52122e052d471a363b6ee839e1079.ctv, From: subscribe, IPv_Type: ipv6, Location: 美国, ISP: CloudFlare Inc., Date: None, Delay: 515 ms, Speed: 5.11 M/s, Resolution: 1920x1080
Name: 宁化电视一套, URL: http://fjnhdb.chinashadt.com:2036/live/stream:nh1.stream/playlist.m3u8, From: subscribe, IPv_Type: ipv4, Location: 中国-福建-三明, ISP: 电信, Date: None, Delay: 6467 ms, Speed: 0.18 M/s, Resolution: 720x576
Name: 福州少儿, URL: http://live.zohi.tv/video/s10001-fztv-4/index.m3u8, From: subscribe, IPv_Type: ipv6, Location: 中国, ISP: 中国电信, Date: None, Delay: 1443 ms, Speed: 0.23 M/s, Resolution: 1920x1080
Name: 福建新闻, URL: http://satellitepull.cnr.cn/live/wx32fjxwgb/playlist.m3u8, From: subscribe, IPv_Type: ipv4, Location: 美国-德克萨斯州-达拉斯, ISP: 网宿科技CDN节点, Date: None, Delay: 9 ms, Speed: 12.17 M/s, Resolution: None
Name: 福建新闻, URL: https://satellitepull.cnr.cn/live/wx32fjxwgb/playlist.m3u8, From: subscribe, IPv_Type: ipv4, Location: 美国-德克萨斯州-达拉斯, ISP: 网宿科技CDN节点, Date: None, Delay: 10 ms, Speed: 11.12 M/s, Resolution: None
Name: 福建经济, URL: http://satellitepull.cnr.cn/live/wx32fjdnjjgb/playlist.m3u8, From: subscribe, IPv_Type: ipv4, Location: 美国-德克萨斯州-达拉斯, ISP: 网宿科技CDN节点, Date: None, Delay: 6 ms, Speed: 16.65 M/s, Resolution: None
Name: 龙岩综合, URL: http://112.109.206.106:9999/rtp/239.255.40.160:8208, From: subscribe, IPv_Type: ipv4, Location: 中国-福建-泉州, ISP: 联通, Date: None, Delay: 507 ms, Speed: 0.62 M/s, Resolution: 1920x1080
Name: 梨园, URL: https://dxtx.hntv.tv/live/lypd.m3u8?txSecret=10c771842a0be59e8b575d765173ec96&txTime=7B923E0A&wsSecret=975c2c42fbaf3474e5b5da406653f22d&wsTime=1772510349, From: subscribe, IPv_Type: ipv4, Location: 中国-江苏-无锡, ISP: 联通, Date: None, Delay: 4030 ms, Speed: 0.29 M/s, Resolution: 1920x1080
Name: 梨园, URL: https://dxtx.hntv.tv/live/lypd.m3u8?txSecret=10c771842a0be59e8b575d765173ec96&txTime=7B923E0A&wsSecret=41543190cdf375f1c73207222bb96542&wsTime=1769313549, From: subscribe, IPv_Type: ipv4, Location: 中国-重庆-重庆, ISP: 联通, Date: None, Delay: 4244 ms, Speed: 0.29 M/s, Resolution: 1920x1080
Name: 项城新闻, URL: https://play-hsbj.vzan.com/978354/446938712125478466/live.m3u8?zbid=978354&tpid=1651937429#@http://tvpull.dxhmt.cn:9081/tv/11681-1.m3u8#@http://live.dxhmt.cn:9081/tv/11681-1.m3u8, From: subscribe, IPv_Type: ipv4, Location: 中国-广东-东莞, ISP: 鹏博士BGP, Date: None, Delay: 1370 ms, Speed: 0.68 M/s, Resolution: 1280x720
Name: 洛阳文旅, URL: http://wshls.live.migucloud.com/live/Q081CD54_C0/playlist.m3u8, From: subscribe, IPv_Type: ipv6, Location: 加拿大, ISP: , Date: None, Delay: 3136 ms, Speed: 2.03 M/s, Resolution: 1920x1080
Name: 河南都市, URL: http://1.94.31.214/php/hntv.php?id=hnds, From: subscribe, IPv_Type: ipv4, Location: 中国-上海-上海, ISP: 华为云, Date: None, Delay: 12 ms, Speed: 45.75 M/s, Resolution: 1920x1080
Name: 邯郸科技教育, URL: https://jwcdnqx.hebyun.com.cn/live/hdkj/1500k/tzwj_video.m3u8, From: subscribe, IPv_Type: ipv6, Location: 中国, ISP: 中国联通, Date: None, Delay: 3243 ms, Speed: 1.25 M/s, Resolution: 1920x1080
Name: 邯郸公共, URL: https://jwcdnqx.hebyun.com.cn/live/hdgg/1500k/tzwj_video.m3u8, From: subscribe, IPv_Type: ipv6, Location: 中国, ISP: 中国联通, Date: None, Delay: 2213 ms, Speed: 0.41 M/s, Resolution: 1920x1080
Name: 邯郸新闻, URL: https://jwcdnqx.hebyun.com.cn/live/hdxwzh/1500k/tzwj_video.m3u8, From: subscribe, IPv_Type: ipv6, Location: 中国, ISP: 中国联通, Date: None, Delay: 2543 ms, Speed: 0.55 M/s, Resolution: 1920x1080
Name: 衡水公共, URL: http://ls.qingting.fm/live/2810.m3u8, From: subscribe, IPv_Type: ipv6, Location: 中国-广东-东莞, ISP: 电信, Date: None, Delay: 1231 ms, Speed: 0.05 M/s, Resolution: 1920x1080
Name: 滦平新闻, URL: http://jwplay.hebyun.com.cn/live/LPTV001/1500k/tzwj_video.m3u8, From: subscribe, IPv_Type: ipv6, Location: 中国, ISP: 中国联通, Date: None, Delay: 2579 ms, Speed: 0.71 M/s, Resolution: 1920x1080
Name: 河北都市, URL: rtmp://tv.pull.hebtv.com/jishi/dushipindao?t=2510710360&k=b43f406360a945d199904faf3b6e2c18, From: subscribe, IPv_Type: ipv6, Location: 中国, ISP: 中国电信, Date: None, Delay: -1 ms, Speed: inf M/s, Resolution: 1920x1080
Name: 河北都市, URL: https://radio.pull.hebtv.com/live/hebnczx.m3u8, From: subscribe, IPv_Type: ipv4, Location: 中国-北京-北京, ISP: 电信, Date: None, Delay: 2147 ms, Speed: 0.05 M/s, Resolution: None
Name: 河北农民, URL: rtmp://tv.pull.hebtv.com/jishi/nongminpindao?t=2510710360&k=a3c2c0f740a31dc24d48ad098cd1eec3, From: subscribe, IPv_Type: ipv6, Location: 中国, ISP: 中国电信, Date: None, Delay: -1 ms, Speed: inf M/s, Resolution: 1920x1080
Name: 昌黎综合, URL: https://jwcdnqx.hebyun.com.cn/live/clzhpd/1500k/tzwj_video.m3u8, From: subscribe, IPv_Type: ipv6, Location: 中国, ISP: 中国联通, Date: None, Delay: 3442 ms, Speed: 1.05 M/s, Resolution: 1280x720
Name: 任丘综合, URL: https://jwcdnqx.hebyun.com.cn/live/rqtv1/1500k/tzwj_video.m3u8, From: subscribe, IPv_Type: ipv6, Location: 中国, ISP: 中国联通, Date: None, Delay: 3327 ms, Speed: 0.71 M/s, Resolution: 1920x1080
Name: 兴隆综合, URL: https://jwcdnqx.hebyun.com.cn/live/xlzh/1500k/tzwj_video.m3u8, From: subscribe, IPv_Type: ipv6, Location: 中国, ISP: 中国联通, Date: None, Delay: 3103 ms, Speed: 1.14 M/s, Resolution: 1920x1080
Name: 平泉综合, URL: https://jwcdnqx.hebyun.com.cn/live/pqzh/1500k/tzwj_video.m3u8, From: subscribe, IPv_Type: ipv6, Location: 中国, ISP: 中国联通, Date: None, Delay: 3445 ms, Speed: 1.33 M/s, Resolution: 1920x1080
Name: 清河经济综艺, URL: https://jwcdnqx.hebyun.com.cn/live/qinghe1/1500k/tzwj_video.m3u8, From: subscribe, IPv_Type: ipv6, Location: 中国, ISP: 中国联通, Date: None, Delay: 3403 ms, Speed: 0.97 M/s, Resolution: 1920x1080
Name: 衡山, URL: http://live.hznet.tv:1935/live/live1/500K/tzwj_video.m3u8, From: subscribe, IPv_Type: ipv4, Location: 中国-山东-菏泽, ISP: 联通, Date: None, Delay: 3208 ms, Speed: 0.61 M/s, Resolution: 1280x720
Name: 安顺新闻, URL: https://ls.qingting.fm/live/5022203/64k.m3u8, From: subscribe, IPv_Type: ipv6, Location: 中国-广东-东莞, ISP: 电信, Date: None, Delay: 10130 ms, Speed: 0.02 M/s, Resolution: 1920x1080
Name: 贵州移动电视, URL: http://47.108.20.161:8866/guizhou/guizhou.php?id=gzyd, From: subscribe, IPv_Type: ipv4, Location: 中国-四川-成都, ISP: 阿里云, Date: None, Delay: 2860 ms, Speed: 0.00 M/s, Resolution: None
Name: 甘肃经济, URL: https://satellitepull.cnr.cn/live/wxgshhzs/playlist.m3u8, From: subscribe, IPv_Type: ipv4, Location: 美国-德克萨斯州-达拉斯, ISP: 网宿科技CDN节点, Date: None, Delay: 10 ms, Speed: 10.28 M/s, Resolution: None
Name: 甘肃都市, URL: https://satellitepull.cnr.cn/live/wxgsdstb/playlist.m3u8, From: subscribe, IPv_Type: ipv4, Location: 美国-德克萨斯州-达拉斯, ISP: 网宿科技CDN节点, Date: None, Delay: 16 ms, Speed: 7.52 M/s, Resolution: None
Name: 嘉峪关综合, URL: http://play.kankanlive.com/live/1720583434627241.m3u8, From: subscribe, IPv_Type: ipv4, Location: 中国, ISP: 移动, Date: None, Delay: 2128 ms, Speed: 0.90 M/s, Resolution: 1920x1080
Name: 永昌综合, URL: http://play.kankanlive.com/live/1720408280309109.m3u8, From: subscribe, IPv_Type: ipv4, Location: 中国-河北-廊坊, ISP: 联通, Date: None, Delay: 2395 ms, Speed: 0.80 M/s, Resolution: 1920x1080
Name: 甘南综合, URL: https://play.kankanlive.com/live/1711955176432990.m3u8, From: subscribe, IPv_Type: ipv4, Location: 中国-山东-青岛, ISP: 联通, Date: None, Delay: 2569 ms, Speed: 0.19 M/s, Resolution: 1920x1080
Name: 甘肃少儿, URL: rtsp://180.95.143.19/PLTV/88888910/224/3221225494/10000100000000060000000000102582_0.smil, From: subscribe, IPv_Type: ipv4, Location: 中国-甘肃-金昌, ISP: 联通, Date: None, Delay: 10006 ms, Speed: 0.00 M/s, Resolution: None
Name: 甘肃少儿, URL: rtsp://116.176.26.18/PLTV/88888910/224/3221225494/10000100000000060000000000102582_0.smil, From: subscribe, IPv_Type: ipv4, Location: 中国-甘肃, ISP: 联通, Date: None, Delay: 10005 ms, Speed: 0.00 M/s, Resolution: None
Name: 甘肃少儿, URL: rtmp://livein.gstv.com.cn/49048r/922k96, From: subscribe, IPv_Type: ipv4, Location: 中国-甘肃-兰州, ISP: 电信, Date: None, Delay: 5422 ms, Speed: 0.00 M/s, Resolution: None
Name: 甘肃少儿, URL: rtsp://116.176.26.19/PLTV/88888910/224/3221225485/10000100000000060000000000102562_0.smil, From: subscribe, IPv_Type: ipv4, Location: 中国-甘肃, ISP: 联通, Date: None, Delay: 10004 ms, Speed: 0.00 M/s, Resolution: None
Name: 甘肃少儿, URL: rtsp://115.85.232.19/PLTV/88888910/224/3221225494/10000100000000060000000000102582_0.smil, From: subscribe, IPv_Type: ipv4, Location: 中国-甘肃-金昌, ISP: 联通, Date: None, Delay: 10005 ms, Speed: 0.00 M/s, Resolution: None
Name: 甘肃少儿, URL: rtsp://60.13.23.179/PLTV/88888910/224/3221225494/10000100000000060000000000102582_0.smil, From: subscribe, IPv_Type: ipv4, Location: 中国-甘肃-兰州, ISP: 联通, Date: None, Delay: 10005 ms, Speed: 0.00 M/s, Resolution: None
Name: 甘肃少儿, URL: rtsp://221.7.61.147/PLTV/88888910/224/3221225494/10000100000000060000000000102582_0.smil, From: subscribe, IPv_Type: ipv4, Location: 中国-甘肃-白银, ISP: 联通, Date: None, Delay: 10005 ms, Speed: 0.00 M/s, Resolution: None
Name: 甘肃少儿, URL: rtsp://60.13.39.18/PLTV/88888910/224/3221225485/10000100000000060000000000102562_0.smil, From: subscribe, IPv_Type: ipv4, Location: 中国-甘肃-天水, ISP: 联通, Date: None, Delay: 10005 ms, Speed: 0.00 M/s, Resolution: None
Name: 甘肃少儿, URL: rtsp://60.13.27.115/PLTV/88888910/224/3221225485/10000100000000060000000000102562_0.smil, From: subscribe, IPv_Type: ipv4, Location: 中国-甘肃-兰州, ISP: 联通, Date: None, Delay: 10005 ms, Speed: 0.00 M/s, Resolution: None
Name: 甘肃少儿, URL: rtsp://60.13.39.19/PLTV/88888910/224/3221225485/10000100000000060000000000102562_0.smil, From: subscribe, IPv_Type: ipv4, Location: 中国-甘肃-天水, ISP: 联通, Date: None, Delay: 10005 ms, Speed: 0.00 M/s, Resolution: None
Name: 甘肃少儿, URL: rtsp://124.152.124.50/PLTV/88888910/224/3221225485/10000100000000060000000000102562_0.smil, From: subscribe, IPv_Type: ipv4, Location: 中国-甘肃, ISP: 联通, Date: None, Delay: 10005 ms, Speed: 0.00 M/s, Resolution: None
Name: 甘肃少儿, URL: rtsp://115.85.205.19/PLTV/88888910/224/3221225485/10000100000000060000000000102562_0.smil, From: subscribe, IPv_Type: ipv4, Location: 中国-甘肃-嘉峪关, ISP: 联通, Date: None, Delay: 10005 ms, Speed: 0.00 M/s, Resolution: None
Name: 白银综合, URL: http://play.kankanlive.com/live/1720408089419110.m3u8, From: subscribe, IPv_Type: ipv4, Location: 中国-山东-青岛, ISP: 联通, Date: None, Delay: 1956 ms, Speed: 0.95 M/s, Resolution: 1920x1080
Name: 白银综合, URL: https://play.kankanlive.com/live/1720408089419110.m3u8, From: subscribe, IPv_Type: ipv4, Location: 中国-山东-青岛, ISP: 联通, Date: None, Delay: 2259 ms, Speed: 0.84 M/s, Resolution: 1920x1080
Name: 秦安综合, URL: rtmp://play.kankanlive.com/live/1680577080200944, From: subscribe, IPv_Type: ipv4, Location: 中国-山东-青岛, ISP: 联通, Date: None, Delay: -1 ms, Speed: inf M/s, Resolution: 1280x720
Name: 秦安综合, URL: https://play.kankanlive.com/live/1659926941626981.m3u8, From: subscribe, IPv_Type: ipv4, Location: 中国-河北, ISP: 联通, Date: None, Delay: 2601 ms, Speed: 0.70 M/s, Resolution: 1920x1080
Name: 秦安综合, URL: http://play.kankanlive.com/live/1683944827526991.m3u8, From: subscribe, IPv_Type: ipv4, Location: 中国-广东, ISP: 移动, Date: None, Delay: 2207 ms, Speed: 0.52 M/s, Resolution: 1280x720
Name: 西峰综合, URL: https://play.kankanlive.com/live/1683944827526991.m3u8, From: subscribe, IPv_Type: ipv4, Location: 中国-山东-青岛, ISP: 联通, Date: None, Delay: 1938 ms, Speed: 0.60 M/s, Resolution: 1280x720
Name: 哈密一套, URL: https://tvpull.hmgbtv.com/hmtv/channel9cd66b3d5d258b2b.flv, From: subscribe, IPv_Type: ipv4, Location: 美国-伊利诺伊州-库克, ISP: 网宿CDN节点, Date: None, Delay: 611 ms, Speed: 0.14 M/s, Resolution: 1920x1080
Name: 哈密二套, URL: https://tvpull.hmgbtv.com/hmtv/channel108259412c6a6711/playlist.m3u8, From: subscribe, IPv_Type: ipv4, Location: 美国-伊利诺伊州-库克, ISP: 网宿CDN节点, Date: None, Delay: 16 ms, Speed: 45.31 M/s, Resolution: 1920x1080
Name: 哈密三套, URL: https://tvpull.hmgbtv.com/hmtv/channelfb0e5c505477aa44/playlist.m3u8, From: subscribe, IPv_Type: ipv4, Location: 美国-伊利诺伊州-库克, ISP: 网宿CDN节点, Date: None, Delay: 16 ms, Speed: 42.65 M/s, Resolution: 1920x1080
Name: 伊犁维吾尔, URL: http://110.153.180.106:55555/out_2/index.m3u8, From: subscribe, IPv_Type: ipv4, Location: 中国-新疆-伊犁哈萨克自治州, ISP: 电信, Date: None, Delay: 5047 ms, Speed: 1.17 M/s, Resolution: None
Name: 伊犁维吾尔, URL: http://110.153.180.106:55555/out_2/index.m3u8?zxinjd, From: subscribe, IPv_Type: ipv4, Location: 中国-新疆-伊犁哈萨克自治州, ISP: 电信, Date: None, Delay: 7706 ms, Speed: 1.04 M/s, Resolution: None
Name: 伊犁哈萨克, URL: http://110.153.180.106:55555/out_3/index.m3u8, From: subscribe, IPv_Type: ipv4, Location: 中国-新疆-伊犁哈萨克自治州, ISP: 电信, Date: None, Delay: 7023 ms, Speed: 0.97 M/s, Resolution: None
Name: 伊犁哈萨克, URL: http://110.153.180.106:55555/out_3/index.m3u8?zxinjd, From: subscribe, IPv_Type: ipv4, Location: 中国-新疆-伊犁哈萨克自治州, ISP: 电信, Date: None, Delay: 10226 ms, Speed: 0.74 M/s, Resolution: None
Name: 伊犁经济法制, URL: http://110.153.180.106:55555/out_4/index.m3u8?zxinjd, From: subscribe, IPv_Type: ipv4, Location: 中国-新疆-伊犁哈萨克自治州, ISP: 电信, Date: None, Delay: 6006 ms, Speed: 1.51 M/s, Resolution: None
Name: 兵团五师双河新闻综合, URL: https://liveout.btzx.com.cn/62ds9e/4nxdih.m3u8?zxinjd, From: subscribe, IPv_Type: ipv4, Location: 中国-河南-信阳, ISP: 电信, Date: None, Delay: 2677 ms, Speed: 0.18 M/s, Resolution: 720x576
Name: 兵团五师双河新闻综合, URL: http://liveout.btzx.com.cn/62ds9e/4nxdih.m3u8?fbl=, From: subscribe, IPv_Type: ipv4, Location: 中国-河南-信阳, ISP: 电信, Date: None, Delay: 2528 ms, Speed: 0.18 M/s, Resolution: 720x576
Name: 奎屯哈萨克语, URL: http://218.84.12.186:8002/hls/main/playlist.m3u8?zxinjd, From: subscribe, IPv_Type: ipv4, Location: 中国-新疆-伊犁哈萨克自治州, ISP: 电信, Date: None, Delay: 3758 ms, Speed: 0.33 M/s, Resolution: 1920x1080
Name: 玛纳斯综合, URL: http://218.84.127.245:1026/hls/main1/playlist.m3u8?zxinjd, From: subscribe, IPv_Type: ipv4, Location: 中国-新疆-昌吉回族自治州, ISP: 电信, Date: None, Delay: 6135 ms, Speed: 0.24 M/s, Resolution: 1920x1080
Name: 玛纳斯综合, URL: http://218.84.127.245:1026/hls/main1/playlist.m3u8, From: subscribe, IPv_Type: ipv4, Location: 中国-新疆-昌吉回族自治州, ISP: 电信, Date: None, Delay: 6315 ms, Speed: 0.24 M/s, Resolution: 1920x1080
Name: 可克达拉综合, URL: http://file.loulannews.cn/nmip-media/channellive/channel103824/playlist.m3u8, From: subscribe, IPv_Type: ipv4, Location: 中国-新疆, ISP: 移动, Date: None, Delay: 3122 ms, Speed: 0.52 M/s, Resolution: 1920x1080
Name: 奎屯汉语综合, URL: http://218.84.12.186:8001/hls/main/playlist.m3u8?zxinjd, From: subscribe, IPv_Type: ipv4, Location: 中国-新疆-伊犁哈萨克自治州, ISP: 电信, Date: None, Delay: 5024 ms, Speed: 0.28 M/s, Resolution: 0x0
Name: 巴音郭楞州, URL: rtmp://tv.loulannews.cn/channellive/ch1, From: subscribe, IPv_Type: ipv4, Location: 中国-新疆, ISP: 移动, Date: None, Delay: -1 ms, Speed: inf M/s, Resolution: 1920x1080
Name: 石河子教育, URL: rtmp://124.88.144.73:1935/live/jiaoyu, From: subscribe, IPv_Type: ipv4, Location: 中国-新疆-石河子, ISP: 联通, Date: None, Delay: -1 ms, Speed: inf M/s, Resolution: 1920x1080
Name: 石河子新闻综合, URL: rtmp://124.88.144.73:1935/live/xwzh, From: subscribe, IPv_Type: ipv4, Location: 中国-新疆-石河子, ISP: 联通, Date: None, Delay: -1 ms, Speed: inf M/s, Resolution: 1920x1080
Name: 山东教育, URL: https://iptv.catvod.com/live.php?id=%E5%B1%B1%E4%B8%9C%E6%95%99%E8%82%B2&line=1, From: subscribe, IPv_Type: ipv4, Location: 美国-加利福尼亚州-洛杉矶, ISP: IT7网络, Date: None, Delay: 37 ms, Speed: 15.18 M/s, Resolution: 1920x1080
Name: 山东农科, URL: http://58.57.40.22:9901/tsfile/live/1022_1.m3u8, From: subscribe, IPv_Type: ipv4, Location: 中国-山东-临沂, ISP: 电信, Date: None, Delay: 10230 ms, Speed: 0.00 M/s, Resolution: None
Name: 山东齐鲁, URL: http://123.130.84.106:8154/tsfile/live/1001_1.m3u8?key=txiptv&amp;playlive=1&amp;authid=0, From: subscribe, IPv_Type: ipv4, Location: 中国-山东-烟台, ISP: 联通, Date: None, Delay: 10706 ms, Speed: 0.01 M/s, Resolution: 1920x1080
Name: 山东齐鲁, URL: http://123.130.84.106:8154/tsfile/live/1001_1.m3u8?key=txiptv&playlive=1&authid=0, From: subscribe, IPv_Type: ipv4, Location: 中国-山东-烟台, ISP: 联通, Date: None, Delay: 10031 ms, Speed: 0.00 M/s, Resolution: 1920x1080
Name: 山东生活, URL: http://live.xmcdn.com/live/802/64.m3u8, From: subscribe, IPv_Type: ipv4, Location: 美国-德克萨斯州-达拉斯, ISP: 网宿科技CDN节点, Date: None, Delay: 1724 ms, Speed: 0.05 M/s, Resolution: None
Name: 山东文旅, URL: http://58.57.40.22:9901/tsfile/live/1023_1.m3u8, From: subscribe, IPv_Type: ipv4, Location: 中国-山东-临沂, ISP: 电信, Date: None, Delay: 10593 ms, Speed: 0.00 M/s, Resolution: None
Name: 山东综艺, URL: http://123.129.70.178:9901/tsfile/live/1001_1.m3u8, From: subscribe, IPv_Type: ipv4, Location: 中国-山东-东营, ISP: 联通, Date: None, Delay: 10899 ms, Speed: 0.00 M/s, Resolution: 720x576
Name: 山东综艺, URL: http://58.57.40.22:9901/tsfile/live/1021_1.m3u8, From: subscribe, IPv_Type: ipv4, Location: 中国-山东-临沂, ISP: 电信, Date: None, Delay: 10127 ms, Speed: 0.00 M/s, Resolution: None
Name: 青州综合, URL: rtmp://sdqz.chinashadt.com:2036/live/stream:1.stream, From: subscribe, IPv_Type: ipv4, Location: 中国-山东-潍坊, ISP: 联通, Date: None, Delay: -1 ms, Speed: inf M/s, Resolution: 720x576
Name: 东营综合, URL: rtmp://stream.hhek.cn:9936/live/xwzh_sd?shandd, From: subscribe, IPv_Type: ipv4, Location: 中国-山东-东营, ISP: 联通, Date: None, Delay: 5804 ms, Speed: 0.00 M/s, Resolution: None
Name: 菏泽新闻综合, URL: http://live.hznet.tv:1935/live/live1/500k/tzwj_video.m3u8, From: subscribe, IPv_Type: ipv4, Location: 中国-山东-菏泽, ISP: 联通, Date: None, Delay: 3356 ms, Speed: 0.57 M/s, Resolution: 1280x720
Name: 菏泽新闻综合, URL: http://live.hznet.tv:1935/live/live1/500K/tzwj_video.m3u8?shandd, From: subscribe, IPv_Type: ipv4, Location: 中国-山东-菏泽, ISP: 联通, Date: None, Delay: 3381 ms, Speed: 0.54 M/s, Resolution: 1280x720
Name: 菏泽经济生活, URL: http://live.hznet.tv:1935/live/live2/500K/tzwj_video.m3u8, From: subscribe, IPv_Type: ipv4, Location: 中国-山东-菏泽, ISP: 联通, Date: None, Delay: 3186 ms, Speed: 0.56 M/s, Resolution: 1280x720
Name: 菏泽经济生活, URL: http://live.hznet.tv:1935/live/live2/500K/tzwj_video.m3u8?shandd, From: subscribe, IPv_Type: ipv4, Location: 中国-山东-菏泽, ISP: 联通, Date: None, Delay: 10980 ms, Speed: 0.18 M/s, Resolution: 1280x720
Name: 菏泽经济生活, URL: http://live.hznet.tv:1935/live/live2/500k/tzwj_video.m3u8, From: subscribe, IPv_Type: ipv4, Location: 中国-山东-菏泽, ISP: 联通, Date: None, Delay: 4888 ms, Speed: 0.00 M/s, Resolution: 1280x720
Name: 万荣综合, URL: http://60.222.246.220:19433/hls1.m3u8, From: subscribe, IPv_Type: ipv4, Location: 中国-山西-运城, ISP: 联通, Date: None, Delay: 5798 ms, Speed: 0.20 M/s, Resolution: 720x404
Name: 古县综合, URL: https://l2fpdktp.live.sxmty.com/live/hls/e4c3b363cc4549788e2d983f403e07db/d99ce1eb686e41b9afc888110bd95aa7.m3u8?zshanxd, From: subscribe, IPv_Type: ipv6, Location: 中国, ISP: 中国电信, Date: None, Delay: 3719 ms, Speed: 0.48 M/s, Resolution: 1920x1080
Name: 大宁综合, URL: http://live.daningtv.com/aac_dngb/playlist.m3u8, From: subscribe, IPv_Type: ipv4, Location: 中国-河北-唐山, ISP: 联通, Date: None, Delay: 1321 ms, Speed: 0.05 M/s, Resolution: None
Name: 太谷新闻综合, URL: https://p2.vzan.com/slowlive/596867413819827251/live.m3u8?zbid=1725814272&amp;tpid=1516989100&amp;type=0, From: subscribe, IPv_Type: ipv4, Location: 美国-加利福尼亚州-洛杉矶, ISP: Zenlayer数据中心, Date: None, Delay: 961 ms, Speed: 1.17 M/s, Resolution: 1920x1080
Name: 太谷新闻综合, URL: https://p2.vzan.com/slowlive/596867413819827251/live.m3u8?zbid=1725814272&tpid=1516989100&type=0, From: subscribe, IPv_Type: ipv4, Location: 美国-加利福尼亚州-洛杉矶, ISP: Zenlayer数据中心, Date: None, Delay: 1897 ms, Speed: 0.80 M/s, Resolution: 1920x1080
Name: 定襄综合, URL: http://lbyzztfe.live.sxmty.com/live/hls/645ff4c60e0a49f0a203abbd73dd8be9/0720e665f10f48e98c9639f4f492fb4a-1.m3u8?zshanxd, From: subscribe, IPv_Type: ipv6, Location: 中国, ISP: 中国电信, Date: None, Delay: 5265 ms, Speed: 0.26 M/s, Resolution: 1920x1080
Name: 怀仁综合, URL: http://1yp7hc5p.live.sxmty.com/live/hls/bff8529922344209985b6e49baa9555a/efa2543628fc4a7ea93d3d6c975f77dc.m3u8?zshanxd,, From: subscribe, IPv_Type: ipv4, Location: 中国-上海-上海, ISP: 电信, Date: None, Delay: 4609 ms, Speed: 0.64 M/s, Resolution: 1280x720
Name: 怀仁综合, URL: https://1yp7hc5p.live.sxmty.com/live/hls/bff8529922344209985b6e49baa9555a/efa2543628fc4a7ea93d3d6c975f77dc-1.m3u8, From: subscribe, IPv_Type: ipv6, Location: 中国, ISP: 中国电信, Date: None, Delay: 3651 ms, Speed: 0.62 M/s, Resolution: 1920x1080
Name: 怀仁综合, URL: http://1yp7hc5p.live.sxmty.com/live/hls/bff8529922344209985b6e49baa9555a/efa2543628fc4a7ea93d3d6c975f77dc.m3u8?zshanxd, From: subscribe, IPv_Type: ipv6, Location: 中国, ISP: 中国电信, Date: None, Delay: 4993 ms, Speed: 0.60 M/s, Resolution: 1920x1080
Name: 武乡新闻综合, URL: http://uzoiczhh.live.sxmty.com/live/hls/0d41f1480c4042d49927858f01fde707/53130407737b417b9a6259b57246bae3.m3u8?zshanxd, From: subscribe, IPv_Type: ipv6, Location: 中国, ISP: 中国电信, Date: None, Delay: 2305 ms, Speed: 0.36 M/s, Resolution: 1920x1080
Name: 长子综合, URL: https://www.wxhcgbds.com:8081/channelTv/WXTV_1.m3u8?zshanxd, From: subscribe, IPv_Type: ipv4, Location: 中国-山西-运城, ISP: 电信, Date: None, Delay: 10359 ms, Speed: 0.64 M/s, Resolution: 720x576
Name: 长子综合, URL: https://83awgyp5.live.sxmty.com/live/hls/6f6f4b36f9bd42628b718b595ba507ed/724b7e8907a8414d873eb2a2f69bfa18.m3u8?zshanxd, From: subscribe, IPv_Type: ipv6, Location: 中国, ISP: 中国电信, Date: None, Delay: 3250 ms, Speed: 0.38 M/s, Resolution: 1920x1080
Name: 黎城综合, URL: http://111.53.96.67:8081/live/1/index.m3u8, From: subscribe, IPv_Type: ipv4, Location: 中国-山西, ISP: 移动, Date: None, Delay: 2860 ms, Speed: 0.92 M/s, Resolution: 1920x1080
Name: 黎城综合, URL: http://111.53.96.67:8081/live/1/index.m3u8?%E5%85%B3%E6%B3%A8%E5%BE%AE%E4%BF%A1%E5%85%AC%E4%BC%97%E5%8F%B7[%E6%99%B4%E5%9B%AD], From: subscribe, IPv_Type: ipv4, Location: 中国-山西, ISP: 移动, Date: None, Delay: 3156 ms, Speed: 0.88 M/s, Resolution: 1920x1080
Name: 安徽国际, URL: http://hsza.f3322.net:4000/rtp/238.1.78.61:6360, From: subscribe, IPv_Type: ipv4, Location: 中国-安徽-黄山, ISP: 电信, Date: None, Delay: 4899 ms, Speed: 0.04 M/s, Resolution: 1920x1080
Name: 安徽影视, URL: http://hsza.f3322.net:4000/rtp/238.1.79.42:4448, From: subscribe, IPv_Type: ipv4, Location: 中国-安徽-黄山, ISP: 电信, Date: None, Delay: 851 ms, Speed: 0.12 M/s, Resolution: 1920x1080
Name: 安徽导视, URL: http://dspdhls.appcoo.com:8888/live/dspd/index.m3u8, From: subscribe, IPv_Type: ipv4, Location: 中国-安徽, ISP: 移动, Date: None, Delay: 2457 ms, Speed: 0.84 M/s, Resolution: 1920x1080
Name: 合肥新闻, URL: http://112.27.235.94:8000/hls/18/index.m3u8, From: subscribe, IPv_Type: ipv4, Location: 中国-安徽, ISP: 移动, Date: None, Delay: 10381 ms, Speed: 0.07 M/s, Resolution: 720x576
Name: 固镇新闻, URL: http://www.guzhenm.com:7001/hls/hd-live.m3u8, From: subscribe, IPv_Type: ipv4, Location: 中国-安徽-蚌埠, ISP: 电信, Date: None, Delay: 2374 ms, Speed: 0.42 M/s, Resolution: 1920x1080
Name: 固镇新闻, URL: http://www.guzhenm.com:7001/hls/hd-live.m3u8?%E5%85%B3%E6%B3%A8%E5%BE%AE%E4%BF%A1%E5%85%AC%E4%BC%97%E5%8F%B7[%E6%99%B4%E5%9B%AD], From: subscribe, IPv_Type: ipv4, Location: 中国-安徽-蚌埠, ISP: 电信, Date: None, Delay: 2863 ms, Speed: 0.38 M/s, Resolution: 1920x1080
Name: 黄山新闻综合, URL: http://hslive.hsnewsnet.com/lsdream/hve9Wjs/1000/live.m3u8?zanhd, From: subscribe, IPv_Type: ipv6, Location: 中国, ISP: 中国联通, Date: None, Delay: 10511 ms, Speed: 0.06 M/s, Resolution: 1920x1080
Name: 黄山新闻综合, URL: http://hslive.hsnewsnet.com/lsdream/hve9Wjs/1000/live.m3u8, From: subscribe, IPv_Type: ipv6, Location: 中国, ISP: 中国电信, Date: None, Delay: 10540 ms, Speed: 0.04 M/s, Resolution: 1920x1080
Name: 黄山公共生活, URL: http://hslive.hsnewsnet.com/lsdream/iY92ady/1000/live.m3u8?zanhd, From: subscribe, IPv_Type: ipv6, Location: 中国, ISP: 中国电信, Date: None, Delay: 10538 ms, Speed: 0.06 M/s, Resolution: 1920x1080
Name: 铜陵新闻综合, URL: https://ls.qingting.fm/live/21303/64k.m3u8, From: subscribe, IPv_Type: ipv6, Location: 中国-广东-东莞, ISP: 电信, Date: None, Delay: 2185 ms, Speed: 0.03 M/s, Resolution: 1920x1080
Name: 祁门综合, URL: rtmp://tv.qmxrmt.com/chan/ch1?zanhd#rtmp://tv.qmxrmt.com/chan/ch1, From: subscribe, IPv_Type: ipv4, Location: 中国-安徽, ISP: 移动, Date: None, Delay: -1 ms, Speed: inf M/s, Resolution: 1920x1080
Name: 祁门综合, URL: rtmp://tv.qmxrmt.com/chan/ch1, From: subscribe, IPv_Type: ipv4, Location: 中国-安徽, ISP: 移动, Date: None, Delay: -1 ms, Speed: inf M/s, Resolution: 1920x1080
Name: 祁门综合, URL: rtmp://tv.qmxrmt.com/chan/ch1?zanhd, From: subscribe, IPv_Type: ipv4, Location: 中国-安徽, ISP: 移动, Date: None, Delay: -1 ms, Speed: inf M/s, Resolution: 1920x1080
Name: 祁门综合, URL: http://zbbf2.ahbztv.com/live/416.m3u8?zanhd, From: subscribe, IPv_Type: ipv6, Location: 加拿大, ISP: , Date: None, Delay: 15 ms, Speed: 50.52 M/s, Resolution: 1920x1080
Name: 灵璧综合, URL: http://live.cms.anhuinews.com/video/s10003-lbtv/index.m3u8?zanhd#http://live.cms.anhuinews.com/video/s10003-lbtv/index.m3u8, From: subscribe, IPv_Type: ipv4, Location: 中国-安徽-合肥, ISP: 电信, Date: None, Delay: 4036 ms, Speed: 0.18 M/s, Resolution: 640x480
Name: 灵璧综合, URL: http://live.cms.anhuinews.com/video/s10003-lbtv/index.m3u8, From: subscribe, IPv_Type: ipv4, Location: 中国-安徽-合肥, ISP: 电信, Date: None, Delay: 4491 ms, Speed: 0.15 M/s, Resolution: 640x480
Name: 涡阳新闻综合, URL: http://220.180.124.18:888/live/ch0.m3u8, From: subscribe, IPv_Type: ipv4, Location: 中国-安徽-亳州, ISP: 电信, Date: None, Delay: 2738 ms, Speed: 0.19 M/s, Resolution: 544x480
Name: 广德生活, URL: https://live.gdtv.ah.cn/live/newsTV.m3u8, From: subscribe, IPv_Type: ipv4, Location: 中国-河南-信阳, ISP: 电信, Date: None, Delay: 4534 ms, Speed: 0.46 M/s, Resolution: 1920x1080
Name: 宿松新闻综合, URL: rtmp://52181.lssplay.aodianyun.com/tv_radio_52181/tv_channel_3390?auth_key=4849469644-0-0-4ebac1aa7b06c07197e6a43bb43b3fa7, From: subscribe, IPv_Type: ipv4, Location: 中国-上海-上海, ISP: 电信, Date: None, Delay: -1 ms, Speed: inf M/s, Resolution: 720x404
Name: 宿松新闻综合, URL: http://live.ahsz.tv/video/s10001-szzh/index.m3u8, From: subscribe, IPv_Type: ipv6, Location: 中国, ISP: 中国电信, Date: None, Delay: 3764 ms, Speed: 0.15 M/s, Resolution: 1920x1080
Name: 宿州科教, URL: rtmp://live.ahsz.tv/video/s10001-kxjy, From: subscribe, IPv_Type: ipv6, Location: 中国, ISP: 中国移动, Date: None, Delay: -1 ms, Speed: inf M/s, Resolution: 1920x1080
Name: 宿州公共, URL: http://live.ahsz.tv/video/s10001-ggpd/index.m3u8, From: subscribe, IPv_Type: ipv6, Location: 中国, ISP: 中国移动, Date: None, Delay: 3309 ms, Speed: 0.02 M/s, Resolution: 1920x1080
Name: 六安新闻综合, URL: http://ls.qingting.fm/live/267.m3u8, From: subscribe, IPv_Type: ipv6, Location: 中国-广东-东莞, ISP: 电信, Date: None, Delay: 743 ms, Speed: 0.08 M/s, Resolution: 1920x1080
Name: 六安公共, URL: http://ls.qingting.fm/live/1794199.m3u8, From: subscribe, IPv_Type: ipv6, Location: 中国-广东-东莞, ISP: 电信, Date: None, Delay: 2240 ms, Speed: 0.05 M/s, Resolution: 1920x1080
Name: 亳州农村, URL: http://zbbf2.ahbztv.com/live/418.m3u8, From: subscribe, IPv_Type: ipv4, Location: 美国-伊利诺伊州-库克, ISP: 网宿CDN节点, Date: None, Delay: 12 ms, Speed: 49.20 M/s, Resolution: 1920x1080
Name: 亳州农村, URL: http://zbbf2.ahbztv.com/live/418.m3u8?zanhd, From: subscribe, IPv_Type: ipv6, Location: 加拿大, ISP: , Date: None, Delay: 15 ms, Speed: 43.28 M/s, Resolution: 1920x1080
Name: 宁夏经济, URL: http://satellitepull.cnr.cn/live/wxnxjjgb/playlist.m3u8, From: subscribe, IPv_Type: ipv4, Location: 美国-德克萨斯州-达拉斯, ISP: 网宿科技CDN节点, Date: None, Delay: 7 ms, Speed: 14.49 M/s, Resolution: None
Name: 宁夏经济, URL: https://satellitepull.cnr.cn/live/wxnxjjgb/playlist.m3u8, From: subscribe, IPv_Type: ipv4, Location: 美国-德克萨斯州-达拉斯, ISP: 网宿科技CDN节点, Date: None, Delay: 11 ms, Speed: 10.86 M/s, Resolution: None
Name: 吉林乡村, URL: http://satellitepull.cnr.cn/live/wxjlxcgb/playlist.m3u8, From: subscribe, IPv_Type: ipv4, Location: 美国-德克萨斯州-达拉斯, ISP: 网宿科技CDN节点, Date: None, Delay: 8 ms, Speed: 13.53 M/s, Resolution: None
Name: 吉林乡村, URL: https://satellitepull.cnr.cn/live/wxjlxcgb/playlist.m3u8, From: subscribe, IPv_Type: ipv4, Location: 美国-德克萨斯州-达拉斯, ISP: 网宿科技CDN节点, Date: None, Delay: 10 ms, Speed: 11.30 M/s, Resolution: None
Name: 延边-2, URL: http://stream8.jlntv.cn/ljtv/playlist.m3u8, From: subscribe, IPv_Type: ipv4, Location: 中国-广东-深圳, ISP: 联通, Date: None, Delay: 1772 ms, Speed: 0.23 M/s, Resolution: 320x240
Name: 延边-2, URL: http://stream5.jlntv.cn/wq/playlist.m3u8, From: subscribe, IPv_Type: ipv4, Location: 中国-福建-泉州, ISP: 联通, Date: None, Delay: 916 ms, Speed: 0.09 M/s, Resolution: 720x576
Name: 长白山电视台, URL: http://stream8.jlntv.cn/cbstv/sd/live.m3u8?zjild, From: subscribe, IPv_Type: ipv4, Location: 中国-福建-泉州, ISP: 联通, Date: None, Delay: 2461 ms, Speed: 0.05 M/s, Resolution: 320x240
Name: 德惠综合, URL: http://stream11.jlntv.cn/dehuitv/sd/live.m3u8?%E5%85%B3%E6%B3%A8%E5%BE%AE%E4%BF%A1%E5%85%AC%E4%BC%97%E5%8F%B7[%E6%99%B4%E5%9B%AD], From: subscribe, IPv_Type: ipv4, Location: 中国-江苏-淮安, ISP: 电信, Date: None, Delay: 2151 ms, Speed: 0.16 M/s, Resolution: 720x576
Name: 德惠综合, URL: http://stream11.jlntv.cn/dehuitv/sd/live.m3u8, From: subscribe, IPv_Type: ipv4, Location: 中国-吉林-四平, ISP: 联通, Date: None, Delay: 1915 ms, Speed: 0.16 M/s, Resolution: 720x576
Name: 九台综合, URL: http://stream10.jlntv.cn/jiutaitv/sd/live.m3u8?zjild, From: subscribe, IPv_Type: ipv4, Location: 中国-吉林-四平, ISP: 联通, Date: None, Delay: 1540 ms, Speed: 0.19 M/s, Resolution: 720x576
Name: 九台综合, URL: http://stream10.jlntv.cn/jiutaitv/sd/live.m3u8, From: subscribe, IPv_Type: ipv4, Location: 中国-吉林-四平, ISP: 联通, Date: None, Delay: 1805 ms, Speed: 0.19 M/s, Resolution: 720x576
Name: 九台综合, URL: http://stream10.jlntv.cn/jiutaitv/sd/live.m3u8?%E5%85%B3%E6%B3%A8%E5%BE%AE%E4%BF%A1%E5%85%AC%E4%BC%97%E5%8F%B7[%E6%99%B4%E5%9B%AD], From: subscribe, IPv_Type: ipv4, Location: 中国-山东-枣庄, ISP: 联通, Date: None, Delay: 2441 ms, Speed: 0.16 M/s, Resolution: 720x576
Name: 靖宇综合, URL: http://stream9.jlntv.cn:80/aac_jygb/playlist.m3u8, From: subscribe, IPv_Type: ipv4, Location: 中国-贵州-六盘水, ISP: 联通, Date: None, Delay: 1600 ms, Speed: 0.04 M/s, Resolution: None
Name: 敦化一套, URL: http://stream8.jlntv.cn/dhtv/playlist.m3u8, From: subscribe, IPv_Type: ipv4, Location: 中国-广东-深圳, ISP: 联通, Date: None, Delay: 1523 ms, Speed: 0.07 M/s, Resolution: 320x240
Name: 敦化一套, URL: http://stream8.jlntv.cn/dhtv/playlist.m3u8?zjild, From: subscribe, IPv_Type: ipv4, Location: 中国-江苏-南京, ISP: 电信, Date: None, Delay: 1955 ms, Speed: 0.06 M/s, Resolution: 720x576
Name: 珲春新闻综合, URL: http://stream8.jlntv.cn/hctv/sd/live.m3u8?zjild, From: subscribe, IPv_Type: ipv4, Location: 中国-广东-深圳, ISP: 联通, Date: None, Delay: 1622 ms, Speed: 0.27 M/s, Resolution: 720x576
Name: 珲春新闻综合, URL: http://stream8.jlntv.cn/hctv/sd/live.m3u8?zjild&amp;quot;, From: subscribe, IPv_Type: ipv4, Location: 中国-广东-深圳, ISP: 联通, Date: None, Delay: 1606 ms, Speed: 0.26 M/s, Resolution: 720x576
Name: 珲春新闻综合, URL: http://stream8.jlntv.cn/hctv/sd/live.m3u8?zjild&amp;amp;quot;, From: subscribe, IPv_Type: ipv4, Location: 中国-广东-深圳, ISP: 联通, Date: None, Delay: 1602 ms, Speed: 0.25 M/s, Resolution: 720x576
Name: 珲春新闻综合, URL: http://stream8.jlntv.cn/hctv/sd/live.m3u8, From: subscribe, IPv_Type: ipv4, Location: 中国-广东-深圳, ISP: 联通, Date: None, Delay: 2490 ms, Speed: 0.23 M/s, Resolution: 720x576
Name: 珲春新闻综合, URL: http://stream8.jlntv.cn/hctv/sd/live.m3u8?zjild,, From: subscribe, IPv_Type: ipv4, Location: 中国-广东-深圳, ISP: 联通, Date: None, Delay: 2401 ms, Speed: 0.23 M/s, Resolution: 720x576
Name: 珲春新闻综合, URL: http://stream8.jlntv.cn/hctv/sd/live.m3u8?zjild&quot;, From: subscribe, IPv_Type: ipv4, Location: 中国-广东-深圳, ISP: 联通, Date: None, Delay: 2742 ms, Speed: 0.21 M/s, Resolution: 720x576
Name: 龙井综合, URL: http://stream9.jlntv.cn:80/aac_longjinggb/playlist.m3u8, From: subscribe, IPv_Type: ipv4, Location: 中国-贵州-六盘水, ISP: 联通, Date: None, Delay: 653 ms, Speed: 0.06 M/s, Resolution: None
Name: 梅河口综合, URL: http://stream3.jlntv.cn:80/aac_mhkgb/playlist.m3u8, From: subscribe, IPv_Type: ipv4, Location: 中国-青海, ISP: 联通, Date: None, Delay: 1674 ms, Speed: 0.03 M/s, Resolution: None
Name: 桦甸综合, URL: http://stream9.jlntv.cn:80/aac_huadiangb/playlist.m3u8, From: subscribe, IPv_Type: ipv4, Location: 中国-贵州-六盘水, ISP: 联通, Date: None, Delay: 2700 ms, Speed: 0.03 M/s, Resolution: None
Name: 磐石综合, URL: http://stream3.jlntv.cn:80/aac_psgb/sd/live.m3u8, From: subscribe, IPv_Type: ipv4, Location: 中国-青海, ISP: 联通, Date: None, Delay: 2714 ms, Speed: 0.02 M/s, Resolution: None
Name: 舒兰新闻综合, URL: http://stream8.jlntv.cn/shulan/sd/live.m3u8?_upt=332db6421699196585, From: subscribe, IPv_Type: ipv4, Location: 中国-江苏-南京, ISP: 电信, Date: None, Delay: 1671 ms, Speed: 0.27 M/s, Resolution: 320x240
Name: 舒兰新闻综合, URL: http://stream8.jlntv.cn/shulan/sd/live.m3u8?zjild, From: subscribe, IPv_Type: ipv4, Location: 中国-广东-深圳, ISP: 联通, Date: None, Delay: 2225 ms, Speed: 0.22 M/s, Resolution: 320x240
Name: 东丰综合, URL: http://stream3.jlntv.cn:80/aac_dfgb/playlist.m3u8, From: subscribe, IPv_Type: ipv4, Location: 中国-青海, ISP: 联通, Date: None, Delay: 1652 ms, Speed: 0.03 M/s, Resolution: None
Name: 双辽综合, URL: http://stream3.jlntv.cn:80/aac_slgb/playlist.m3u8, From: subscribe, IPv_Type: ipv4, Location: 中国-青海, ISP: 联通, Date: None, Delay: 628 ms, Speed: 0.06 M/s, Resolution: None
Name: 辉南新闻综合, URL: http://stream5.jlntv.cn/hn/sd/live.m3u8?zjild, From: subscribe, IPv_Type: ipv4, Location: 中国-福建-泉州, ISP: 联通, Date: None, Delay: 2680 ms, Speed: 0.33 M/s, Resolution: 720x576
Name: 辉南新闻综合, URL: http://stream5.jlntv.cn/hn/sd/live.m3u8?%E5%85%B3%E6%B3%A8%E5%BE%AE%E4%BF%A1%E5%85%AC%E4%BC%97%E5%8F%B7[%E6%99%B4%E5%9B%AD], From: subscribe, IPv_Type: ipv4, Location: 中国-山东-枣庄, ISP: 联通, Date: None, Delay: 3229 ms, Speed: 0.30 M/s, Resolution: 720x576
Name: 辉南新闻综合, URL: http://stream5.jlntv.cn/hn/sd/live.m3u8, From: subscribe, IPv_Type: ipv4, Location: 中国-福建-泉州, ISP: 联通, Date: None, Delay: 4100 ms, Speed: 0.26 M/s, Resolution: 720x576
Name: 柳河综合, URL: http://stream3.jlntv.cn:80/aac_lhgb/sd/live.m3u8, From: subscribe, IPv_Type: ipv4, Location: 中国-青海, ISP: 联通, Date: None, Delay: 1335 ms, Speed: 0.05 M/s, Resolution: None
Name: 通化县综合, URL: http://stream3.jlntv.cn:80/aac_thxgb/playlist.m3u8, From: subscribe, IPv_Type: ipv4, Location: 中国-青海, ISP: 联通, Date: None, Delay: 658 ms, Speed: 0.04 M/s, Resolution: None
Name: 汪清综合, URL: http://stream5.jlntv.cn/wq/sd/live.m3u8, From: subscribe, IPv_Type: ipv4, Location: 中国-福建-泉州, ISP: 联通, Date: None, Delay: 914 ms, Speed: 0.09 M/s, Resolution: 720x576
Name: 汪清综合, URL: http://stream5.jlntv.cn/wq/sd/live.m3u8?zjild, From: subscribe, IPv_Type: ipv4, Location: 中国-福建-泉州, ISP: 联通, Date: None, Delay: 1894 ms, Speed: 0.08 M/s, Resolution: 720x576
Name: 汪清综合, URL: http://stream5.jlntv.cn/wq/sd/live.m3u8?_upt=eb80947d1699080781, From: subscribe, IPv_Type: ipv4, Location: 中国-山东-枣庄, ISP: 联通, Date: None, Delay: 2860 ms, Speed: 0.06 M/s, Resolution: 720x576
Name: 易门综合, URL: https://zb-live.ynurl.com/yimen/3b75a2f9-7941-46b7-992d-a9796fbca5fe.m3u8, From: subscribe, IPv_Type: ipv4, Location: 中国-广东-深圳, ISP: 腾讯云, Date: None, Delay: 2401 ms, Speed: 0.37 M/s, Resolution: 1920x1080
Name: 通海电视台, URL: https://zb-live.ynurl.com/tonghai/3bfe3a9e-48e6-4c1e-8770-1df66447cc6c.m3u8, From: subscribe, IPv_Type: ipv4, Location: 中国-广东-深圳, ISP: 腾讯云, Date: None, Delay: 2874 ms, Speed: 0.48 M/s, Resolution: 1920x1080
Name: 云南都市, URL: https://hwapi.yntv.net/62hdvf/rjwt14.m3u8, From: subscribe, IPv_Type: ipv4, Location: 中国-浙江-嘉兴, ISP: 电信, Date: None, Delay: 7045 ms, Speed: 0.00 M/s, Resolution: 1280x720
Name: 云南娱乐, URL: https://hwapi.yntv.net/62hdvf/q9vs1b.m3u8, From: subscribe, IPv_Type: ipv4, Location: 中国-浙江-嘉兴, ISP: 电信, Date: None, Delay: 3784 ms, Speed: 0.19 M/s, Resolution: 1280x720
Name: 安多卫视, URL: rtmp://liveout.xntv.tv/a65jur/96iln2, From: subscribe, IPv_Type: ipv6, Location: 中国, ISP: 中国电信, Date: None, Delay: -1 ms, Speed: inf M/s, Resolution: 1920x1080
Name: 黑龙江新闻, URL: https://ls.qingting.fm/live/4974/64k.m3u8, From: subscribe, IPv_Type: ipv6, Location: 中国-广东-东莞, ISP: 电信, Date: None, Delay: 1612 ms, Speed: 0.05 M/s, Resolution: 1920x1080
Name: 哈尔滨新闻综合, URL: http://stream.hrbtv.net/xwzh/sd/live.m3u8?zheild, From: subscribe, IPv_Type: ipv4, Location: 中国-黑龙江-哈尔滨, ISP: 联通, Date: None, Delay: 10761 ms, Speed: 0.02 M/s, Resolution: None
Name: 哈尔滨新闻综合, URL: http://stream.hrbtv.net/xwzh/sd/live.m3u8, From: subscribe, IPv_Type: ipv4, Location: 中国-黑龙江-哈尔滨, ISP: 联通, Date: None, Delay: 10799 ms, Speed: 0.02 M/s, Resolution: None
Name: 哈尔滨影视, URL: http://111.43.126.240:9003/hls/5/index.m3u8, From: subscribe, IPv_Type: ipv4, Location: 中国-黑龙江, ISP: 移动, Date: None, Delay: 5249 ms, Speed: 0.94 M/s, Resolution: 720x576
Name: 哈尔滨影视, URL: https://stream.hrbtv.net/yspd/sd/live.m3u8, From: subscribe, IPv_Type: ipv4, Location: 中国-黑龙江-哈尔滨, ISP: 联通, Date: None, Delay: 10214 ms, Speed: 0.06 M/s, Resolution: 640x480
Name: 哈尔滨影视, URL: https://stream.hrbtv.net/yspd/playlist.m3u8, From: subscribe, IPv_Type: ipv4, Location: 中国-黑龙江-哈尔滨, ISP: 联通, Date: None, Delay: 10877 ms, Speed: 0.03 M/s, Resolution: 640x480
Name: 哈尔滨影视, URL: http://stream.hrbtv.net/yspd/sd/live.m3u8?zheild, From: subscribe, IPv_Type: ipv4, Location: 中国-黑龙江-哈尔滨, ISP: 联通, Date: None, Delay: 10885 ms, Speed: 0.02 M/s, Resolution: None
Name: 哈尔滨影视, URL: http://stream.hrbtv.net/yspd/sd/live.m3u8, From: subscribe, IPv_Type: ipv4, Location: 中国-黑龙江-哈尔滨, ISP: 联通, Date: None, Delay: 10800 ms, Speed: 0.02 M/s, Resolution: None
Name: 哈尔滨影视, URL: http://stream.hrbtv.net/yspd/sd/live.m3u8?zheild#http://stream.hrbtv.net/yspd/sd/live.m3u8, From: subscribe, IPv_Type: ipv4, Location: 中国-黑龙江-哈尔滨, ISP: 联通, Date: None, Delay: 10121 ms, Speed: 0.02 M/s, Resolution: None
Name: 哈尔滨资讯, URL: http://stream.hrbtv.net/zxpd/sd/live.m3u8, From: subscribe, IPv_Type: ipv4, Location: 中国-黑龙江-哈尔滨, ISP: 联通, Date: None, Delay: 1167 ms, Speed: 0.02 M/s, Resolution: None
Name: 哈尔滨生活, URL: http://111.43.126.240:9003/hls/3/index.m3u8, From: subscribe, IPv_Type: ipv4, Location: 中国-黑龙江, ISP: 移动, Date: None, Delay: 3654 ms, Speed: 1.15 M/s, Resolution: 720x576
Name: 哈尔滨生活, URL: https://stream.hrbtv.net/shpd/playlist.m3u8, From: subscribe, IPv_Type: ipv4, Location: 中国-黑龙江-哈尔滨, ISP: 联通, Date: None, Delay: 10173 ms, Speed: 0.07 M/s, Resolution: 640x480
Name: 哈尔滨生活, URL: http://stream.hrbtv.net/shpd/sd/live.m3u8?zheild, From: subscribe, IPv_Type: ipv4, Location: 中国-黑龙江-哈尔滨, ISP: 联通, Date: None, Delay: 10774 ms, Speed: 0.03 M/s, Resolution: None
Name: 哈尔滨生活, URL: https://stream.hrbtv.net/shpd/sd/live.m3u8, From: subscribe, IPv_Type: ipv4, Location: 中国-黑龙江-哈尔滨, ISP: 联通, Date: None, Delay: 10428 ms, Speed: 0.03 M/s, Resolution: 640x480
Name: 哈尔滨生活, URL: http://stream.hrbtv.net/shpd/sd/live.m3u8, From: subscribe, IPv_Type: ipv4, Location: 中国-黑龙江-哈尔滨, ISP: 联通, Date: None, Delay: 677 ms, Speed: 0.00 M/s, Resolution: None
Name: 哈尔滨娱乐, URL: http://stream.hrbtv.net/ylpd/sd/live.m3u8?zheild#http://stream.hrbtv.net/ylpd/sd/live.m3u8#https://stream.hrbtv.net/ylpd/sd/live.m3u8, From: subscribe, IPv_Type: ipv4, Location: 中国-黑龙江-哈尔滨, ISP: 联通, Date: None, Delay: 1142 ms, Speed: 0.02 M/s, Resolution: None
Name: 哈尔滨娱乐, URL: http://stream.hrbtv.net/ylpd/sd/live.m3u8, From: subscribe, IPv_Type: ipv4, Location: 中国-黑龙江-哈尔滨, ISP: 联通, Date: None, Delay: 1713 ms, Speed: 0.02 M/s, Resolution: None
Name: 哈尔滨娱乐, URL: https://stream.hrbtv.net/ylpd/sd/live.m3u8, From: subscribe, IPv_Type: ipv4, Location: 中国-黑龙江-哈尔滨, ISP: 联通, Date: None, Delay: 2182 ms, Speed: 0.02 M/s, Resolution: 640x480
Name: 哈尔滨娱乐, URL: http://stream.hrbtv.net/ylpd/sd/live.m3u8?zheild, From: subscribe, IPv_Type: ipv4, Location: 中国-黑龙江-哈尔滨, ISP: 联通, Date: None, Delay: 10766 ms, Speed: 0.01 M/s, Resolution: None
Name: 大庆新闻综合, URL: rtmp://masterpull.hljtv.com/live/4WdrZLCq, From: subscribe, IPv_Type: ipv4, Location: 中国-黑龙江, ISP: 移动, Date: None, Delay: 5063 ms, Speed: 0.00 M/s, Resolution: None
Name: 七台河新闻综合, URL: http://live.qthnews.org.cn:1935/live/live1/800k/tzwj_video.m3u8, From: subscribe, IPv_Type: ipv4, Location: 中国-黑龙江-哈尔滨, ISP: 联通, Date: None, Delay: 2645 ms, Speed: 0.34 M/s, Resolution: 1280x720
Name: 佳木斯新闻综合, URL: http://live.qthnews.org.cn:1935/live/live2/800k/tzwj_video.m3u8, From: subscribe, IPv_Type: ipv4, Location: 中国-黑龙江-哈尔滨, ISP: 联通, Date: None, Delay: 2902 ms, Speed: 0.33 M/s, Resolution: 1280x720
Name: 佳木斯新闻综合, URL: rtmp://masterpull.hljtv.com/live/l9wQtsVs, From: subscribe, IPv_Type: ipv4, Location: 中国-黑龙江, ISP: 移动, Date: None, Delay: 5334 ms, Speed: 0.00 M/s, Resolution: None
Name: 甘南县综合, URL: rtmp://masterpull.hljtv.com/live/YbFyF4Jb, From: subscribe, IPv_Type: ipv4, Location: 中国-黑龙江, ISP: 移动, Date: None, Delay: 5202 ms, Speed: 0.00 M/s, Resolution: None
Name: 齐齐哈尔新闻综合, URL: rtmp://masterpull.hljtv.com/live/dUi8b96l, From: subscribe, IPv_Type: ipv4, Location: 中国-黑龙江, ISP: 移动, Date: None, Delay: 5062 ms, Speed: 0.00 M/s, Resolution: None
Name: 齐齐哈尔新闻综合, URL: rtmp://rmplive.hljtv.com/live/qiqihaer, From: subscribe, IPv_Type: ipv4, Location: 中国-黑龙江, ISP: 移动, Date: None, Delay: 5145 ms, Speed: 0.00 M/s, Resolution: None
Name: 双鸭山综合, URL: rtmp://masterpull.hljtv.com/live/BowdCSzZ, From: subscribe, IPv_Type: ipv4, Location: 中国-黑龙江, ISP: 移动, Date: None, Delay: 5070 ms, Speed: 0.00 M/s, Resolution: None
Name: 翡翠台, URL: rtmp://223.76.215.33/live/xaingjiaoge-jade, From: subscribe, IPv_Type: ipv4, Location: 中国-湖北-黄石, ISP: 移动, Date: None, Delay: -1 ms, Speed: inf M/s, Resolution: 1920x1080
Name: 翡翠台, URL: http://o11.163189.xyz/stream/tvb/fct/, From: subscribe, IPv_Type: ipv6, Location: 美国, ISP: CloudFlare Inc., Date: None, Delay: 227 ms, Speed: 33.11 M/s, Resolution: 1920x1080
Name: 翡翠台, URL: http://r.jdshipin.com/thuYX, From: subscribe, IPv_Type: ipv6, Location: 美国, ISP: CloudFlare Inc., Date: None, Delay: 257 ms, Speed: 30.83 M/s, Resolution: 1920x1080
Name: 翡翠台, URL: https://iptv.852851.xyz/ch/dcd9af2a8c211c18caf57e82f18e78a9/master.m3u8, From: subscribe, IPv_Type: ipv4, Location: 美国, ISP: CloudFlare节点, Date: None, Delay: 995 ms, Speed: 5.32 M/s, Resolution: 1920x1080
Name: 翡翠台, URL: http://175.178.232.13:16888/api/htuiliu.php?exp=08cf2a85bb499c832add0cc51fc18517&ip=106.226.94.180&id=65539baae6daca57256269e4e9f5b92d, From: subscribe, IPv_Type: ipv4, Location: 中国-广东-广州, ISP: 腾讯云, Date: None, Delay: 1742 ms, Speed: 0.54 M/s, Resolution: 1920x1080
Name: 翡翠台, URL: http://175.178.232.13:16888/api/htuiliu.php?exp=08cf2a85bb499c832add0cc51fc18517&ip=106.226.94.180&id=aa6dd931d0e26cc111e2629b4e11ab0d, From: subscribe, IPv_Type: ipv4, Location: 中国-广东-广州, ISP: 腾讯云, Date: None, Delay: 3894 ms, Speed: 0.36 M/s, Resolution: 1920x1080
Name: 翡翠台, URL: http://175.178.232.13:16888/api/htuiliu.php?exp=08cf2a85bb499c832add0cc51fc18517&ip=106.226.94.180&id=fde7fe09ae7ae3ca7f66d9f18e0be790, From: subscribe, IPv_Type: ipv4, Location: 中国-广东-广州, ISP: 腾讯云, Date: None, Delay: 2429 ms, Speed: 0.20 M/s, Resolution: 1280x720
Name: 翡翠台, URL: http://175.178.232.13:16888/api/htuiliu.php?exp=08cf2a85bb499c832add0cc51fc18517&ip=106.226.94.180&id=e35cb7a9d35534c871a2963723c4ce78, From: subscribe, IPv_Type: ipv4, Location: 中国-广东-广州, ISP: 腾讯云, Date: None, Delay: 1062 ms, Speed: 0.00 M/s, Resolution: None
Name: 明珠台, URL: http://mytv.cdn.loc.cc/o12.php?id=mzt, From: subscribe, IPv_Type: ipv6, Location: 美国, ISP: CloudFlare Inc., Date: None, Delay: 455 ms, Speed: 13.56 M/s, Resolution: 1920x1080
Name: 凤凰中文, URL: rtmp://oc-play-ali.vipkid.com.cn/live/xianajiaoge-fhzw, From: subscribe, IPv_Type: ipv4, Location: 美国-科罗拉多州-布鲁姆菲尔德, ISP: Level3, Date: None, Delay: -1 ms, Speed: inf M/s, Resolution: 1920x1080
Name: 凤凰中文, URL: http://php.jdshipin.com/TVOD/iptv.php?id=fhzw, From: subscribe, IPv_Type: ipv6, Location: 美国, ISP: CloudFlare Inc., Date: None, Delay: 84 ms, Speed: 80.23 M/s, Resolution: None
Name: 凤凰中文, URL: https://cdn6.163189.xyz/163189/fhzw, From: subscribe, IPv_Type: ipv6, Location: 新加坡, ISP: Aceville Pte.Ltd., Date: None, Delay: 323 ms, Speed: 47.03 M/s, Resolution: None
Name: 凤凰中文, URL: http://php.jdshipin.com:8880/TVOD/iptv.php?id=fhzw, From: subscribe, IPv_Type: ipv6, Location: 美国, ISP: CloudFlare Inc., Date: None, Delay: 130 ms, Speed: 45.91 M/s, Resolution: None
Name: 凤凰中文, URL: http://zmgd.zyrnet.com:8888/hls/110/index.m3u8, From: subscribe, IPv_Type: ipv4, Location: 中国-河南-郑州, ISP: 移动, Date: None, Delay: 10338 ms, Speed: 0.41 M/s, Resolution: 1920x1080
Name: 凤凰中文, URL: http://hao6688.3322.org:30066/stream/channelid/1842094443?ticket=1816185b7d63e25732b5356603d0cbdb67d18c85&profile=pass, From: subscribe, IPv_Type: ipv4, Location: 中国-浙江-绍兴, ISP: 电信, Date: None, Delay: 3050 ms, Speed: 0.14 M/s, Resolution: None
Name: 凤凰中文, URL: http://219.145.93.74:10000/tsfile/live/1002_1.m3u8?key=txiptv&playlive=1&authid=0, From: subscribe, IPv_Type: ipv4, Location: 中国-陕西-西安, ISP: 电信, Date: None, Delay: 10013 ms, Speed: 0.09 M/s, Resolution: None
Name: 凤凰资讯, URL: rtmp://oc-play-ali.vipkid.com.cn/live/xianajiaoge-fhzx, From: subscribe, IPv_Type: ipv4, Location: 美国-科罗拉多州-布鲁姆菲尔德, ISP: Level3, Date: None, Delay: -1 ms, Speed: inf M/s, Resolution: 1920x1080
Name: 凤凰资讯, URL: http://php.jdshipin.com/PLTV/iptv.php?id=fhzx, From: subscribe, IPv_Type: ipv6, Location: 美国, ISP: CloudFlare Inc., Date: None, Delay: 50 ms, Speed: 134.25 M/s, Resolution: None
Name: 凤凰资讯, URL: http://php.jdshipin.com/TVOD/iptv.php?id=fhzx, From: subscribe, IPv_Type: ipv6, Location: 美国, ISP: CloudFlare Inc., Date: None, Delay: 50 ms, Speed: 120.70 M/s, Resolution: None
Name: 凤凰资讯, URL: http://php.jdshipin.com:8880/TVOD/iptv.php?id=fhzx, From: subscribe, IPv_Type: ipv6, Location: 美国, ISP: CloudFlare Inc., Date: None, Delay: 211 ms, Speed: 51.21 M/s, Resolution: None
Name: 凤凰资讯, URL: https://cdn6.163189.xyz/163189/fhzx, From: subscribe, IPv_Type: ipv6, Location: 美国, ISP: CloudFlare Inc., Date: None, Delay: 4182 ms, Speed: 5.37 M/s, Resolution: None
Name: 凤凰资讯, URL: http://zmgd.zyrnet.com:8888/hls/109/index.m3u8, From: subscribe, IPv_Type: ipv4, Location: 中国-河南-郑州, ISP: 移动, Date: None, Delay: 10238 ms, Speed: 0.40 M/s, Resolution: None
Name: 凤凰资讯, URL: http://hao6688.3322.org:30066/stream/channelid/336556813?ticket=87744c9dd418af8aa2df11bd9a15f5ff24d5706b&profile=pass, From: subscribe, IPv_Type: ipv4, Location: 中国-浙江-绍兴, ISP: 电信, Date: None, Delay: 1685 ms, Speed: 0.09 M/s, Resolution: None
Name: 凤凰香港, URL: https://cdn6.163189.xyz/163189/fhhk, From: subscribe, IPv_Type: ipv6, Location: 美国, ISP: CloudFlare Inc., Date: None, Delay: 135 ms, Speed: 37.01 M/s, Resolution: None
Name: TVBS亚洲, URL: http://d2e1asnsl7br7b.cloudfront.net/7782e205e72f43aeb4a48ec97f66ebbe/index_5.m3u8?zshijd, From: subscribe, IPv_Type: ipv6, Location: 美国, ISP: Amazon, Date: None, Delay: 39 ms, Speed: 65.90 M/s, Resolution: 1920x1080
Name: J2, URL: http://php.jdshipin.com:8880/PLTV/iptv.php?id=j2, From: subscribe, IPv_Type: ipv6, Location: 美国, ISP: CloudFlare Inc., Date: None, Delay: 182 ms, Speed: 0.00 M/s, Resolution: 1920x1080
Name: Viutv, URL: https://turkmedya-live.ercdn.net/tv360/tv360.m3u8, From: subscribe, IPv_Type: ipv4, Location: 美国-伊利诺伊州-库克, ISP: FDC机房, Date: None, Delay: 1174 ms, Speed: 1.91 M/s, Resolution: 1920x1080
Name: 无线新闻, URL: http://php.jdshipin.com:8880/TVOD/iptv.php?id=tvbxw, From: subscribe, IPv_Type: ipv6, Location: 美国, ISP: CloudFlare Inc., Date: None, Delay: 203 ms, Speed: 37.64 M/s, Resolution: 1920x1080
Name: Now剧集, URL: http://175.178.232.13:16888/api/htuiliu.php?exp=08cf2a85bb499c832add0cc51fc18517&ip=106.226.94.180&id=b501cb937be807125bb0656c030659cd8cace2fcc067cdfdb68b9315f171d913, From: subscribe, IPv_Type: ipv4, Location: 中国-广东-广州, ISP: 腾讯云, Date: None, Delay: 550 ms, Speed: 0.25 M/s, Resolution: 1280x720
Name: Now剧集, URL: http://175.178.232.13:16888/api/htuiliu.php?exp=08cf2a85bb499c832add0cc51fc18517&ip=106.226.94.180&id=b501cb937be807125bb0656c030659cdc7751dd94c9492f8960e5197434d5f95, From: subscribe, IPv_Type: ipv4, Location: 中国-广东-广州, ISP: 腾讯云, Date: None, Delay: 830 ms, Speed: 0.23 M/s, Resolution: 1280x720
Name: Now华剧, URL: http://iptv.4666888.xyz/iptv2A.php?id=84, From: subscribe, IPv_Type: ipv4, Location: 中国-香港, ISP: AS979_Net, Date: None, Delay: 18 ms, Speed: 0.29 M/s, Resolution: 864x720
Name: Now华剧, URL: http://175.178.232.13:16888/api/htuiliu.php?exp=08cf2a85bb499c832add0cc51fc18517&ip=106.226.94.180&id=dd2e9155ad039623086870c9019a7898ae4adb5418edb657e4d1483030c7d0c7, From: subscribe, IPv_Type: ipv4, Location: 中国-广东-广州, ISP: 腾讯云, Date: None, Delay: 603 ms, Speed: 0.28 M/s, Resolution: 1280x720
Name: Now华剧, URL: http://175.178.232.13:16888/api/htuiliu.php?exp=08cf2a85bb499c832add0cc51fc18517&ip=106.226.94.180&id=2da2004ff06bd25c20b77967b64d98bb, From: subscribe, IPv_Type: ipv4, Location: 中国-广东-广州, ISP: 腾讯云, Date: None, Delay: 163 ms, Speed: 0.25 M/s, Resolution: 1280x720
Name: Now华剧, URL: http://175.178.232.13:16888/api/htuiliu.php?exp=08cf2a85bb499c832add0cc51fc18517&ip=106.226.94.180&id=dd2e9155ad039623086870c9019a7898e8938fe97b898cfa8b2099d212bce38de055fe9815affaa07ceb6c53dcdae582, From: subscribe, IPv_Type: ipv4, Location: 中国-广东-广州, ISP: 腾讯云, Date: None, Delay: 493 ms, Speed: 0.25 M/s, Resolution: 1280x720
Name: 靖天资讯, URL: https://litv.tzh911.qzz.io/litv.php?id=4gtv-4gtv065&token=https://t.me/GPT_858, From: subscribe, IPv_Type: ipv6, Location: 美国, ISP: CloudFlare Inc., Date: None, Delay: 1974 ms, Speed: 1.39 M/s, Resolution: 1920x1080
Name: CHC家庭影院, URL: https://live.264788.xyz/channel/chcjiatingyingyuan?streamid=136f530a61d26dc0f670f39f05291586&livekey=01WgOR41rriMmMkzNsd0UoaxJRwetZdxIvtVk, From: subscribe, IPv_Type: ipv4, Location: 美国, ISP: CloudFlare节点, Date: None, Delay: 1985 ms, Speed: 21.05 M/s, Resolution: 1920x1080
Name: CHC家庭影院, URL: https://live.264788.xyz/channel/chcjiatingyingyuan?streamid=793fab686a474d798d627cd73c70d613&livekey=01WgOR41rriMmMkzNsd0UoaxJRwetZdxIvtVk, From: subscribe, IPv_Type: ipv4, Location: 美国, ISP: CloudFlare节点, Date: None, Delay: 2680 ms, Speed: 9.34 M/s, Resolution: 1920x1080
Name: CHC动作电影, URL: https://shcm-stream-cf1.stream.264788.xyz/cms001/ch00000090990000001580/index.m3u8?streamid=87c13b6e841ed5039d4c2ce8f266f9ef&streamkey=0gNYRWDeQgJcsRRVxgX7CXzeeNfbK5b6jgfx2dUMMXpSOjJ6HaVTnXNZIvUs7ZjMVIipZGwSqsLBoB1csVGKjUersUPcVyHJvvzH9lv6u5pQ0BcM1SFtompQvPNMFD09b&token=1775754577-a16c17c5548559fa-0-23e1bb39b278d07d81f7441cf04c41ce, From: subscribe, IPv_Type: ipv4, Location: 美国, ISP: CloudFlare节点, Date: None, Delay: 191 ms, Speed: 70.91 M/s, Resolution: 1920x1080
Name: CHC动作电影, URL: https://live.264788.xyz/channel/chcdongzuodianying?streamid=93acb2d859f1483a3fe6f3a46516506f&livekey=01WgOR41rriMmMkzNsd0UoaxJRwetZdxIvtVk, From: subscribe, IPv_Type: ipv4, Location: 美国, ISP: CloudFlare节点, Date: None, Delay: 231 ms, Speed: 59.28 M/s, Resolution: 1920x1080
Name: CHC动作电影, URL: https://live.264788.xyz/channel/chcdongzuodianying?streamid=87c13b6e841ed5039d4c2ce8f266f9ef&livekey=01WgOR41rriMmMkzNsd0UoaxJRwetZdxIvtVk, From: subscribe, IPv_Type: ipv4, Location: 美国, ISP: CloudFlare节点, Date: None, Delay: 648 ms, Speed: 21.65 M/s, Resolution: 1920x1080
Name: CHC高清电影, URL: http://183.237.95.108:9901/tsfile/live/1008_1.m3u8?key=txiptv&playlive=0&authid=0, From: subscribe, IPv_Type: ipv4, Location: 中国-广东-梅州, ISP: 移动, Date: None, Delay: 10888 ms, Speed: 0.46 M/s, Resolution: 1920x1080
Name: CHC高清电影, URL: http://dassby.qqff.top:99/live/CHC高清/index.m3u8, From: subscribe, IPv_Type: ipv4, Location: 中国-辽宁-鞍山, ISP: 联通, Date: None, Delay: 10159 ms, Speed: 0.16 M/s, Resolution: 1920x1080
Name: CHC高清电影, URL: http://218.15.183.23:9901/tsfile/live/23044_1.m3u8, From: subscribe, IPv_Type: ipv4, Location: 中国-广东-梅州, ISP: 电信, Date: None, Delay: 10046 ms, Speed: 0.08 M/s, Resolution: 1920x1080
Name: CHC高清电影, URL: rtsp://115.153.247.80/PLTV/88888888/224/3221226990/86128784.smil, From: subscribe, IPv_Type: ipv4, Location: 中国-江西-宜春, ISP: 电信, Date: None, Delay: 10005 ms, Speed: 0.00 M/s, Resolution: None
Name: CHC高清电影, URL: rtsp://115.153.230.145/PLTV/88888888/224/3221226990/86128784.smil, From: subscribe, IPv_Type: ipv4, Location: 中国-江西-宜春, ISP: 电信, Date: None, Delay: 10005 ms, Speed: 0.00 M/s, Resolution: None
Name: CHC高清电影, URL: rtsp://115.153.222.112:554/PLTV/88888888/224/3221226990/86128784.smil, From: subscribe, IPv_Type: ipv4, Location: 中国-江西-宜春, ISP: 电信, Date: None, Delay: 10006 ms, Speed: 0.00 M/s, Resolution: None
Name: NewTV惊悚悬疑, URL: https://live.264788.xyz/channel/newtvjingsongxuanyi?streamid=082a2e30e260e629bde8f58d4861bee0&livekey=01WgOR41rriMmMkzNsd0UoaxJRwetZdxIvtVk, From: subscribe, IPv_Type: ipv4, Location: 美国, ISP: CloudFlare节点, Date: None, Delay: 119 ms, Speed: 19.11 M/s, Resolution: 1920x1080
Name: NewTV惊悚悬疑, URL: https://iptv.catvod.com/live.php?id=NewTV%E6%83%8A%E6%82%9A%E6%82%AC%E7%96%91, From: subscribe, IPv_Type: ipv6, Location: 美国, ISP: CloudFlare Inc., Date: None, Delay: 39 ms, Speed: 14.55 M/s, Resolution: 1920x1080
Name: NewTV惊悚悬疑, URL: https://live.264788.xyz/channel/newtvjingsongxuanyi?streamid=cefe64289cde2680e596ee3c1c6a4bf2&livekey=01WgOR41rriMmMkzNsd0UoaxJRwetZdxIvtVk, From: subscribe, IPv_Type: ipv4, Location: 美国, ISP: CloudFlare节点, Date: None, Delay: 234 ms, Speed: 8.09 M/s, Resolution: 1920x1080
Name: NewTV动作电影, URL: https://iptv.catvod.com/live.php?id=NewTV%E5%8A%A8%E4%BD%9C%E7%94%B5%E5%BD%B1, From: subscribe, IPv_Type: ipv6, Location: 美国, ISP: CloudFlare Inc., Date: None, Delay: 38 ms, Speed: 14.82 M/s, Resolution: 1920x1080
Name: 靖天映画, URL: https://iptv.852851.xyz/ch/13eaf1f8e1b5a94d2350dccab165849a/master.m3u8, From: subscribe, IPv_Type: ipv4, Location: 美国, ISP: CloudFlare节点, Date: None, Delay: 780 ms, Speed: 1.81 M/s, Resolution: 1920x1080
Name: 靖天戏剧, URL: https://iptv.852851.xyz/ch/a0ce5f61da4ba42090cd8a6fb3144126/master.m3u8, From: subscribe, IPv_Type: ipv4, Location: 美国, ISP: CloudFlare节点, Date: None, Delay: 839 ms, Speed: 2.33 M/s, Resolution: 1920x1080
Name: IPTV经典电影, URL: http://183.220.107.138:4022/rtp/239.10.0.122:5140, From: subscribe, IPv_Type: ipv4, Location: 中国-四川-成都, ISP: 移动, Date: None, Delay: 504 ms, Speed: 0.28 M/s, Resolution: 1920x1080
Name: 天映经典, URL: https://o11.163189.xyz/stream/live/ccm/, From: subscribe, IPv_Type: ipv6, Location: 美国, ISP: CloudFlare Inc., Date: None, Delay: 94 ms, Speed: 16.19 M/s, Resolution: 1920x1080
Name: 天映经典, URL: http://175.178.232.13:16888/api/htuiliu.php?exp=08cf2a85bb499c832add0cc51fc18517&ip=106.226.94.180&id=99e36f0f60b06275a9b301fd688d0857, From: subscribe, IPv_Type: ipv4, Location: 中国-广东-广州, ISP: 腾讯云, Date: None, Delay: 1727 ms, Speed: 0.16 M/s, Resolution: 1024x576
Name: 天映经典, URL: http://175.178.232.13:16888/api/htuiliu.php?exp=08cf2a85bb499c832add0cc51fc18517&ip=106.226.94.180&id=2c558a324f501f253d214aac46f1b280e055fe9815affaa07ceb6c53dcdae582, From: subscribe, IPv_Type: ipv4, Location: 中国-广东-广州, ISP: 腾讯云, Date: None, Delay: 810 ms, Speed: 0.15 M/s, Resolution: 1024x576
Name: 天映经典, URL: http://175.178.232.13:16888/api/htuiliu.php?exp=08cf2a85bb499c832add0cc51fc18517&ip=106.226.94.180&id=b97958e4849ee0594de9a1c0f3c800f8e055fe9815affaa07ceb6c53dcdae582, From: subscribe, IPv_Type: ipv4, Location: 中国-广东-广州, ISP: 腾讯云, Date: None, Delay: 559 ms, Speed: 0.15 M/s, Resolution: 1024x576
Name: 无线星河, URL: https://cdn6.163189.xyz/163189/tvbxh, From: subscribe, IPv_Type: ipv6, Location: 美国, ISP: CloudFlare Inc., Date: None, Delay: 96 ms, Speed: 29.77 M/s, Resolution: None
Name: 龙祥电影, URL: http://free.cnlive.club/channel/67548a4f.m3u8, From: subscribe, IPv_Type: ipv4, Location: 美国-内华达州-克拉克, ISP: BuyVM, Date: None, Delay: 647 ms, Speed: 1.27 M/s, Resolution: 1920x1080
Name: 劲爆体育, URL: https://www.freetv.top/migu/796071336.m3u8?migutoken=1cc947d86cb584c31c31c88c005d55965238dbfff7ed75fca8451aed0b564786fde7e4b327e93b92dc96ef57e64e3bb56e8a9e921338080cdae817cb6125d8450b687659ecfee06be9c5d53ac6, From: subscribe, IPv_Type: ipv6, Location: 美国-加利福尼亚州-圣克拉拉, ISP: DigitalOcean, Date: None, Delay: 26 ms, Speed: 15.91 M/s, Resolution: 1920x1080
Name: 爱体育, URL: rtsp://180.95.143.19/PLTV/88888910/224/3221225508/10000100000000060000000000107288_0.smil, From: subscribe, IPv_Type: ipv4, Location: 中国-甘肃-金昌, ISP: 联通, Date: None, Delay: 10004 ms, Speed: 0.00 M/s, Resolution: None
Name: 爱体育, URL: rtsp://116.176.26.18/PLTV/88888910/224/3221225508/10000100000000060000000000107288_0.smil, From: subscribe, IPv_Type: ipv4, Location: 中国-甘肃, ISP: 联通, Date: None, Delay: 10005 ms, Speed: 0.00 M/s, Resolution: None
Name: 爱体育, URL: rtsp://118.212.169.207:554/PLTV/88888888/224/3221227315/10000100000000060000000001946406_0.smil, From: subscribe, IPv_Type: ipv4, Location: 中国-江西, ISP: 联通, Date: None, Delay: 10007 ms, Speed: 0.00 M/s, Resolution: None
Name: 爱体育, URL: rtsp://60.13.39.19/PLTV/88888910/224/3221225508/10000100000000060000000000107288_0.smil, From: subscribe, IPv_Type: ipv4, Location: 中国-甘肃-天水, ISP: 联通, Date: None, Delay: 10005 ms, Speed: 0.00 M/s, Resolution: None
Name: 爱体育, URL: rtsp://60.13.23.179/PLTV/88888910/224/3221225508/10000100000000060000000000107288_0.smil, From: subscribe, IPv_Type: ipv4, Location: 中国-甘肃-兰州, ISP: 联通, Date: None, Delay: 10004 ms, Speed: 0.00 M/s, Resolution: None
Name: 爱体育, URL: rtsp://221.7.61.147/PLTV/88888910/224/3221225508/10000100000000060000000000107288_0.smil, From: subscribe, IPv_Type: ipv4, Location: 中国-甘肃-白银, ISP: 联通, Date: None, Delay: 10006 ms, Speed: 0.00 M/s, Resolution: None
Name: 爱体育, URL: rtsp://116.176.26.19/PLTV/88888910/224/3221225508/10000100000000060000000000107288_0.smil, From: subscribe, IPv_Type: ipv4, Location: 中国-甘肃, ISP: 联通, Date: None, Delay: 10005 ms, Speed: 0.00 M/s, Resolution: None
Name: 爱体育, URL: rtsp://60.13.39.18/PLTV/88888910/224/3221225508/10000100000000060000000000107288_0.smil, From: subscribe, IPv_Type: ipv4, Location: 中国-甘肃-天水, ISP: 联通, Date: None, Delay: 10006 ms, Speed: 0.00 M/s, Resolution: None
Name: 爱体育, URL: rtsp://115.153.245.70/PLTV/88888888/224/3221227012/86440946.smil, From: subscribe, IPv_Type: ipv4, Location: 中国-江西-宜春, ISP: 电信, Date: None, Delay: 10006 ms, Speed: 0.00 M/s, Resolution: None
Name: 爱体育, URL: rtsp://115.153.254.81/PLTV/88888888/224/3221227044/86502115.smil, From: subscribe, IPv_Type: ipv4, Location: 中国-江西-宜春, ISP: 电信, Date: None, Delay: 10005 ms, Speed: 0.00 M/s, Resolution: None
Name: 爱体育, URL: rtsp://115.153.240.228:554/PLTV/88888888/224/3221227044/86502115.smil, From: subscribe, IPv_Type: ipv4, Location: 中国-江西-宜春, ISP: 电信, Date: None, Delay: 10005 ms, Speed: 0.00 M/s, Resolution: None
Name: 爱体育, URL: rtsp://115.153.212.72/PLTV/88888888/224/3221227044/86502115.smil, From: subscribe, IPv_Type: ipv4, Location: 中国-江西-宜春, ISP: 电信, Date: None, Delay: 10004 ms, Speed: 0.00 M/s, Resolution: None
Name: 爱体育, URL: rtsp://115.153.247.80/PLTV/88888888/224/3221227012/86440946.smil, From: subscribe, IPv_Type: ipv4, Location: 中国-江西-宜春, ISP: 电信, Date: None, Delay: 10005 ms, Speed: 0.00 M/s, Resolution: None
Name: 爱体育, URL: rtsp://115.153.230.145/PLTV/88888888/224/3221227012/86440946.smil, From: subscribe, IPv_Type: ipv4, Location: 中国-江西-宜春, ISP: 电信, Date: None, Delay: 10006 ms, Speed: 0.00 M/s, Resolution: None
Name: 爱体育, URL: rtsp://115.153.222.112:554/PLTV/88888888/224/3221227012/86440946.smil, From: subscribe, IPv_Type: ipv4, Location: 中国-江西-宜春, ISP: 电信, Date: None, Delay: 10005 ms, Speed: 0.00 M/s, Resolution: None
Name: 爱体育, URL: rtsp://115.153.233.154/PLTV/88888888/224/3221227012/86440946.smil, From: subscribe, IPv_Type: ipv4, Location: 中国-江西-宜春, ISP: 电信, Date: None, Delay: 10005 ms, Speed: 0.00 M/s, Resolution: None
Name: 爱体育, URL: rtsp://112.245.125.39:1554/iptv/import/Tvod/iptv/001/001/ch11060317323358720349.rsc/69939_Uni.sdp, From: subscribe, IPv_Type: ipv4, Location: 中国-山东-泰安, ISP: 联通, Date: None, Delay: 10005 ms, Speed: 0.00 M/s, Resolution: None
Name: 爱体育, URL: rtsp://183.59.156.166/PLTV/88888905/224/3221227073/10000100000000060000000000698847_0.smil?rrsip=125.88.104.40, From: subscribe, IPv_Type: ipv4, Location: 中国-广东-广州, ISP: 电信, Date: None, Delay: 10004 ms, Speed: 0.00 M/s, Resolution: None
Name: 爱体育, URL: rtsp://112.245.125.47:1554/iptv/import/Tvod/iptv/001/001/ch17120418224162657206.rsc/74292_Uni.sdp, From: subscribe, IPv_Type: ipv4, Location: 中国-山东-泰安, ISP: 联通, Date: None, Delay: 10006 ms, Speed: 0.00 M/s, Resolution: None
Name: 爱体育, URL: rtsp://183.59.156.166/PLTV/88888905/224/3221227991/10000100000000060000000006877797_0.smil?rrsip=125.88.104.40, From: subscribe, IPv_Type: ipv4, Location: 中国-广东-广州, ISP: 电信, Date: None, Delay: 10005 ms, Speed: 0.00 M/s, Resolution: None
Name: 超级体育, URL: http://111.43.126.240:9003/hls/86/index.m3u8, From: subscribe, IPv_Type: ipv4, Location: 中国-黑龙江, ISP: 移动, Date: None, Delay: 253 ms, Speed: 0.00 M/s, Resolution: 1920x1080
Name: 精品体育, URL: https://epg.pw/stream/866a097a0907c9832440f8df38272dd555abf05200dfbafcc137e214c9b30ca7.m3u8, From: subscribe, IPv_Type: ipv6, Location: 美国, ISP: CloudFlare Inc., Date: None, Delay: 944 ms, Speed: 0.75 M/s, Resolution: 1920x1080
Name: 精品体育, URL: https://epg.pw/stream/f7556eccd4ae06b0c2991fdc7a4f8388496559f728cc82459a8e50346040e226.m3u8, From: subscribe, IPv_Type: ipv6, Location: 美国, ISP: CloudFlare Inc., Date: None, Delay: 906 ms, Speed: 0.73 M/s, Resolution: 1920x1080
Name: 辽宁体育, URL: http://dassby.qqff.top:99/live/辽宁体育/index.m3u8, From: subscribe, IPv_Type: ipv4, Location: 中国-辽宁-鞍山, ISP: 联通, Date: None, Delay: 10138 ms, Speed: 0.10 M/s, Resolution: 1920x1080
Name: 辽宁体育, URL: http://120.76.248.139/live/bfgd/4200000611.m3u8, From: subscribe, IPv_Type: ipv4, Location: 中国-浙江-杭州, ISP: 阿里云BGP数据中心, Date: None, Delay: 10406 ms, Speed: 0.00 M/s, Resolution: 1280x720
Name: 天津体育, URL: http://38.75.136.137:98/gslb/dsdqpub/tjtv5.m3u8?auth=testpub, From: subscribe, IPv_Type: ipv4, Location: 美国-伊利诺伊州-库克, ISP: Cogent, Date: None, Delay: 511 ms, Speed: 3.25 M/s, Resolution: 1280x720
Name: 天津体育, URL: http://ak.cj022.com:10080/hls/6/index.m3u8, From: subscribe, IPv_Type: ipv4, Location: 中国-天津-天津, ISP: 联通, Date: None, Delay: 10446 ms, Speed: 0.04 M/s, Resolution: 1920x1080
Name: 睛彩篮球, URL: http://kkk.jjjj.jiduo.me/api.php?n=tttt&id=8104&tk=b53028476470, From: subscribe, IPv_Type: ipv4, Location: 美国-犹他州-盐湖, ISP: Limestone-Networks, Date: None, Delay: 3264 ms, Speed: 0.00 M/s, Resolution: None
Name: 睛彩广场舞, URL: https://iptv.catvod.com/live.php?id=%E7%9D%9B%E5%BD%A9%E5%B9%BF%E5%9C%BA%E8%88%9E, From: subscribe, IPv_Type: ipv6, Location: 美国, ISP: CloudFlare Inc., Date: None, Delay: 35 ms, Speed: 15.80 M/s, Resolution: 1920x1080
Name: 快乐垂钓, URL: https://iptv.catvod.com/live.php?id=%E5%BF%AB%E4%B9%90%E5%9E%82%E9%92%93&line=1, From: subscribe, IPv_Type: ipv4, Location: 美国-加利福尼亚州-洛杉矶, ISP: IT7网络, Date: None, Delay: 38 ms, Speed: 15.19 M/s, Resolution: 1920x1080
Name: 快乐垂钓, URL: https://iptv.catvod.com/live.php?id=%E5%BF%AB%E4%B9%90%E5%9E%82%E9%92%93, From: subscribe, IPv_Type: ipv4, Location: 美国-加利福尼亚州-洛杉矶, ISP: IT7网络, Date: None, Delay: 46 ms, Speed: 14.13 M/s, Resolution: 1920x1080
Name: 新动漫, URL: https://iptv.catvod.com/live.php?id=%E6%96%B0%E5%8A%A8%E6%BC%AB, From: subscribe, IPv_Type: ipv4, Location: 美国-加利福尼亚州-洛杉矶, ISP: IT7网络, Date: None, Delay: 38 ms, Speed: 17.29 M/s, Resolution: 1920x1080
Name: 新动漫, URL: https://iptv.catvod.com/live.php?id=%E6%96%B0%E5%8A%A8%E6%BC%AB&line=1, From: subscribe, IPv_Type: ipv4, Location: 美国-加利福尼亚州-洛杉矶, ISP: IT7网络, Date: None, Delay: 36 ms, Speed: 15.68 M/s, Resolution: 1920x1080
Name: 宝宝动画, URL: http://kkk.jjjj.jiduo.me/api.php?n=tttt&id=6379&tk=23a9aca1f79f, From: subscribe, IPv_Type: ipv4, Location: 美国-亚利桑那州-马里科帕, ISP: Nobis技术集团有限公司, Date: None, Delay: 222 ms, Speed: 0.00 M/s, Resolution: None
Name: 黑莓动画, URL: http://kkk.jjjj.jiduo.me/api.php?n=tttt&id=7068&tk=2aca1ad9a849, From: subscribe, IPv_Type: ipv4, Location: 美国-亚利桑那州-马里科帕, ISP: Nobis技术集团有限公司, Date: None, Delay: 44 ms, Speed: 0.01 M/s, Resolution: None
Name: 黑莓动画, URL: http://111.43.126.240:9003/hls/100/index.m3u8, From: subscribe, IPv_Type: ipv4, Location: 中国-黑龙江, ISP: 移动, Date: None, Delay: 1118 ms, Speed: 0.00 M/s, Resolution: 1920x1080
Name: 河北少儿科教, URL: http://php.fjl626.cn/hebei.php?id=sekj, From: subscribe, IPv_Type: ipv4, Location: 中国-香港, ISP: Cloudie_Limited, Date: None, Delay: 412 ms, Speed: 0.02 M/s, Resolution: None
Name: 七龙珠, URL: https://live.ottiptv.cc/huya/11601966, From: subscribe, IPv_Type: ipv6, Location: 美国-加利福尼亚州-圣克拉拉, ISP: DigitalOcean, Date: None, Delay: 627 ms, Speed: 0.26 M/s, Resolution: 960x720
Name: 七龙珠, URL: https://live.metshop.top/huya/11601966, From: subscribe, IPv_Type: ipv6, Location: 美国, ISP: CloudFlare Inc., Date: None, Delay: 627 ms, Speed: 0.26 M/s, Resolution: 960x720
Name: 火影忍者, URL: https://hd.ijycnd.com/play/Yer3NWLa/index.m3u8, From: subscribe, IPv_Type: ipv4, Location: 中国-湖南-长沙, ISP: 湖南有线电视网络(集团)股份有限公司广东联通节点, Date: None, Delay: 1171 ms, Speed: 1.55 M/s, Resolution: 1920x1032
Name: 火影忍者, URL: http://cdn.jdshipin.com:8880/huya.php?id=29465866, From: subscribe, IPv_Type: ipv6, Location: 美国, ISP: CloudFlare Inc., Date: None, Delay: 542 ms, Speed: 0.20 M/s, Resolution: 1920x1080
Name: 海绵宝宝, URL: https://live.metshop.top/douyu/3949681, From: subscribe, IPv_Type: ipv6, Location: 美国, ISP: CloudFlare Inc., Date: None, Delay: 1844 ms, Speed: 0.37 M/s, Resolution: 1920x1080
Name: 中华小当家, URL: https://live.ottiptv.cc/huya/11342413, From: subscribe, IPv_Type: ipv6, Location: 美国, ISP: Oracle Corporation, Date: None, Delay: 754 ms, Speed: 0.21 M/s, Resolution: 640x432
Name: 中华小当家, URL: http://cdn.jdshipin.com:8880/huya.php?id=11342413, From: subscribe, IPv_Type: ipv6, Location: 美国, ISP: CloudFlare Inc., Date: None, Delay: 647 ms, Speed: 0.20 M/s, Resolution: 640x432
Name: 中华小当家, URL: https://live.metshop.top/huya/11342413, From: subscribe, IPv_Type: ipv6, Location: 美国, ISP: CloudFlare Inc., Date: None, Delay: 592 ms, Speed: 0.20 M/s, Resolution: 1920x1080
Name: 中华小当家, URL: http://61.221.215.25:8800/hls/40/index.m3u8, From: subscribe, IPv_Type: ipv4, Location: 中国-台湾, ISP: 中华电信, Date: None, Delay: 413 ms, Speed: 0.00 M/s, Resolution: None
Name: 经典动漫, URL: https://www.goodiptv.club/yy/22777075, From: subscribe, IPv_Type: ipv6, Location: 美国, ISP: CloudFlare Inc., Date: None, Delay: 1154 ms, Speed: 0.15 M/s, Resolution: 1920x1080
Name: 漫画解说, URL: https://www.goodiptv.club/douyu/5907076, From: subscribe, IPv_Type: ipv6, Location: 美国, ISP: CloudFlare Inc., Date: None, Delay: 1720 ms, Speed: 0.28 M/s, Resolution: 1920x1080
Name: 游戏风云, URL: https://www.freetv.top/migu/790188417.m3u8?migutoken=0276ef43726b0a3df46f95059cfba0dc88fb58e0682005aef78c7fcce5c7101a4d1199cd5aa05c58eaed75bf3a107385ce216cf787ceb58c1839c276b121b05b72a1ec8d7c6f23c240511643c0, From: subscribe, IPv_Type: ipv6, Location: 美国-加利福尼亚州-圣克拉拉, ISP: DigitalOcean, Date: None, Delay: 37 ms, Speed: 12.96 M/s, Resolution: 1920x1080
Name: 游戏风云, URL: https://www.freetv.top/migu/790188417.m3u8?migutoken=4bb23a171d4d63d4362dfba9a795c0f4ae95e2190f17a502e900947df23bda8e7a18b21aa9e6b578071ed4ced654a44a80d0fb8970ac8330432d19255fb721f3c1ee552fa186e2c9427e18e082, From: subscribe, IPv_Type: ipv6, Location: 美国-加利福尼亚州-圣克拉拉, ISP: DigitalOcean, Date: None, Delay: 49 ms, Speed: 11.48 M/s, Resolution: 1920x1080
Name: 音乐现场, URL: http://satellitepull.cnr.cn/live/wx32nmgyygb/playlist.m3u8, From: subscribe, IPv_Type: ipv4, Location: 美国-加利福尼亚州-洛杉矶, ISP: 网宿科技CDN节点, Date: None, Delay: 6 ms, Speed: 14.47 M/s, Resolution: None
Name: 音乐现场, URL: https://satellitepull.cnr.cn/live/wx32nmgyygb/playlist.m3u8, From: subscribe, IPv_Type: ipv4, Location: 美国-加利福尼亚州-洛杉矶, ISP: 网宿科技CDN节点, Date: None, Delay: 11 ms, Speed: 10.84 M/s, Resolution: None
Name: 音乐之声, URL: http://a.live.hnradio.com/yypd/radio120k_yypd.m3u8?auth_key=1588751172-0-0-d97b858279c1c86650172b9913ea4af2, From: subscribe, IPv_Type: ipv4, Location: 中国-上海-上海, ISP: 电信, Date: None, Delay: 2130 ms, Speed: 0.09 M/s, Resolution: None
Name: 潮流音乐, URL: http://play-radio-stream3.hndt.com/now/Or5au0KN/playlist.m3u8, From: subscribe, IPv_Type: ipv4, Location: 美国-伊利诺伊州-库克, ISP: 网宿CDN节点, Date: None, Delay: 10835 ms, Speed: 0.01 M/s, Resolution: None
Name: 笑傲江湖, URL: https://alimov2.a.kwimgs.com/upic/2023/03/07/20/BMjAyMzAzMDcyMDMyNDdfNjE2NzgxMTQwXzk3NzEzNDY4NjgxXzBfMw==_b_B75baa98fedb7da382eb4a29e5f7df2bf.mp4, From: subscribe, IPv_Type: ipv4, Location: 美国-科罗拉多州-布鲁姆菲尔德, ISP: Level3, Date: None, Delay: 5 ms, Speed: 180.24 M/s, Resolution: 720x384
Name: 笑傲江湖, URL: https://live.metshop.top/huya/26355790, From: subscribe, IPv_Type: ipv6, Location: 美国, ISP: CloudFlare Inc., Date: None, Delay: 411 ms, Speed: 0.22 M/s, Resolution: 720x540
Name: 笑傲江湖, URL: http://cdn.jdshipin.com:8880/huya.php?id=26355790, From: subscribe, IPv_Type: ipv6, Location: 美国, ISP: CloudFlare Inc., Date: None, Delay: 358 ms, Speed: 0.21 M/s, Resolution: 720x540
Name: 笑傲江湖, URL: https://live.ottiptv.cc/huya/26355790, From: subscribe, IPv_Type: ipv6, Location: 美国, ISP: Oracle Corporation, Date: None, Delay: 421 ms, Speed: 0.21 M/s, Resolution: 720x540
Name: 天龙八部, URL: https://txmov2.a.kwimgs.com/upic/2021/02/26/11/BMjAyMTAyMjYxMTAwNTBfNDAzMDAxOTlfNDUwNDcyNzM5MTRfMF8z_b_B75ed716649c36f65fc2354f75dba47a5.mp4, From: subscribe, IPv_Type: ipv4, Location: 美国-加利福尼亚州-圣克拉拉, ISP: 腾讯云, Date: None, Delay: 251 ms, Speed: 30.02 M/s, Resolution: 1280x720
Name: 天龙八部, URL: https://godmusic.bs2dl.yy.com/dHZlZmVhMWUxMDYzYjQ0ZmJkYjU4MmE4NDlkYjRmNmMxMy0xMTY2Mzk0Njky?Cf=cf.mp4, From: subscribe, IPv_Type: ipv4, Location: 中国-浙江-温州, ISP: 电信, Date: None, Delay: 261 ms, Speed: 11.11 M/s, Resolution: 720x1280
Name: 天龙八部, URL: https://vip1.lz-cdn1.com/20230217/20640_9eee7111/index.m3u8, From: subscribe, IPv_Type: ipv4, Location: 美国, ISP: LARUS, Date: None, Delay: 4603 ms, Speed: 0.28 M/s, Resolution: 1920x806
Name: 天龙八部, URL: https://live.ottiptv.cc/huya/20985816, From: subscribe, IPv_Type: ipv6, Location: 美国, ISP: Oracle Corporation, Date: None, Delay: 408 ms, Speed: 0.20 M/s, Resolution: 900x500
Name: 天龙八部, URL: https://live.metshop.top/huya/20985816, From: subscribe, IPv_Type: ipv6, Location: 美国, ISP: CloudFlare Inc., Date: None, Delay: 941 ms, Speed: 0.20 M/s, Resolution: 900x500
Name: 天龙八部, URL: http://cdn.jdshipin.com:8880/huya.php?id=20985816, From: subscribe, IPv_Type: ipv6, Location: 美国, ISP: CloudFlare Inc., Date: None, Delay: 371 ms, Speed: 0.20 M/s, Resolution: 900x500
Name: 天龙八部, URL: https://live.ottiptv.cc/yy/1351814644, From: subscribe, IPv_Type: ipv6, Location: 美国, ISP: Oracle Corporation, Date: None, Delay: 795 ms, Speed: 0.14 M/s, Resolution: 800x600
Name: 鹿鼎记, URL: http://c1.rrcdnbf6.com/video/ludingji/HD国语/index.m3u8, From: subscribe, IPv_Type: ipv4, Location: 美国, ISP: LARUS, Date: None, Delay: 884 ms, Speed: 0.96 M/s, Resolution: 1920x1016
Name: 鹿鼎记, URL: https://live.ottiptv.cc/yy/28265277, From: subscribe, IPv_Type: ipv6, Location: 美国, ISP: Oracle Corporation, Date: None, Delay: 843 ms, Speed: 0.22 M/s, Resolution: 800x600
Name: 西游记, URL: https://txmov2.a.kwimgs.com/bs3/video-hls/5239093806671579134_hlsb.m3u8, From: subscribe, IPv_Type: ipv4, Location: 美国-加利福尼亚州-圣克拉拉, ISP: 腾讯云, Date: None, Delay: 691 ms, Speed: 1.85 M/s, Resolution: 704x534
Name: 西游记, URL: https://txmov2.a.kwimgs.com/bs3/video-hls/5222486782687309806_hlsb.m3u8, From: subscribe, IPv_Type: ipv4, Location: 美国-乔治亚州-富尔顿, ISP: 腾讯云, Date: None, Delay: 624 ms, Speed: 1.74 M/s, Resolution: 704x540
Name: 西游记, URL: https://lbds.us.ci/26355861, From: subscribe, IPv_Type: ipv6, Location: 美国, ISP: CloudFlare Inc., Date: None, Delay: 54 ms, Speed: 0.17 M/s, Resolution: 576x432
Name: 新白娘子传奇, URL: https://live.ottiptv.cc/yy/1354490667, From: subscribe, IPv_Type: ipv6, Location: 美国, ISP: Oracle Corporation, Date: None, Delay: 816 ms, Speed: 0.20 M/s, Resolution: 800x600
Name: 上海滩, URL: https://txmov2.a.kwimgs.com/upic/2021/02/22/22/BMjAyMTAyMjIyMjU2NDFfMTI0MzE0NjMyOF80NDg1MDgzMTY5NF8yXzM=_b_B35aa4e9376173041991a9a379ff4ac56.mp4, From: subscribe, IPv_Type: ipv4, Location: 美国-加利福尼亚州-圣克拉拉, ISP: 腾讯云, Date: None, Delay: 267 ms, Speed: 28.57 M/s, Resolution: 718x404
Name: 上海滩, URL: https://vip1.lz-cdn1.com/20220516/5843_f2d3e2af/1200k/hls/mixed.m3u8, From: subscribe, IPv_Type: ipv4, Location: 澳大利亚, ISP: APNIC, Date: None, Delay: 3411 ms, Speed: 0.37 M/s, Resolution: 1080x606
